{"version":9,"hash":{"type":"Buffer","data":"oBrpG5D8iENUulkhK7Ucn76trVjNy0aS6as/nLg4/3JEfghr2HXIIj3fTvhc+2bKXlNxg+uJIv9f39EbCG7LOEmpUYCyjw2WkIdAlrtWpBV3DhM/tMXLnAieEMkbQ2+yLiXDlV7NsTwmUjf7jF5dDvhw+3f1GsMae36K5PgQo8U="},"indexValueMap":{"CvsalBvXJ828X4rd2QhATV3dog5nI4MxC6L3gsMTDlg=":{"valueMac":{"type":"Buffer","data":"ZYyk0DbM7mFXzbReBrvi30HIk1H2sil6D+zxWRXt4m8="}},"Dn1ZDAfkZvZom5WXoDOsIHGtWCWl+7+C+FphBdZaNCs=":{"valueMac":{"type":"Buffer","data":"95SEJ2e+PHqmo/7GhbR1SQFHtPe4oettLFixdKqZiIg="}},"IdcU4XfJJiDzfWR5eHWcliC0FNwOWa5rccVGx4feE2Q=":{"valueMac":{"type":"Buffer","data":"ywKrWt39G4mCJrppvMNtryFpCy7V3KNB6NCn/ArMUxo="}},"Kg1jn9qR9+Yqr2TwOVZC+0zdYtaj1u0lLr4Oio23pFM=":{"valueMac":{"type":"Buffer","data":"3O2RiyqPztTj6uS8Ise0furb8/stUNkrT9Bc/UNPve4="}},"OKffN5Xvma57ookeVICJfrlR5kqHw8Nqj3rJz3dAF58=":{"valueMac":{"type":"Buffer","data":"8ghKQGzGq7+8CajXryaPEsnNFHvHOOc5ibZcE09XvqA="}},"TvcAlXs1dxXrYT3dcrA2fo5uFSu6Ko/fzJHD/oF4Now=":{"valueMac":{"type":"Buffer","data":"88TKsBKxVSoDtL92UT94YliBHI7U+96YAd5cqcOHO3Y="}},"VzyN7q2bnQadpHPBbg7EYfJZpHPH+rqB4f6f8nfcjGY=":{"valueMac":{"type":"Buffer","data":"maqW3A3yTsl9YUARt3QKLOCFMQ7H9v9shKs25HUm9QQ="}},"aEHthHSG7p5kbOQq/uxd9M4YVupsYN9TAcW2+9LYfKU=":{"valueMac":{"type":"Buffer","data":"Z5HSsExsAJzyV8SuZZaewBC1D2s5xD7PUV2a936trDY="}},"aZnnfiVZurPatc21kwujrF/jMI8s7qyCugWH1dofWX0=":{"valueMac":{"type":"Buffer","data":"Ln7zKVaoZuKKfBd4ItVSqNCuz0oJyTLt4f/fJ5tDvCk="}},"bykCj+9UL93jzpP01ImzGRAOpPBeKlzv8FeKf4OvEQM=":{"valueMac":{"type":"Buffer","data":"ktOAR9NuNdVF+aEk5EtUvHDExqer6dWqUsF63R/nSTk="}},"d+KyhjiLyxP//DHXP7OBvpVMkndhMO8wmI+QKl8lhTk=":{"valueMac":{"type":"Buffer","data":"oczYqeXKWICoHn49ng1Fs/YZVSBNqc1/gnPYzgibvn0="}},"fDl+B88/4SRX58IYXJUCxpTOwRUKx3pw4Dc+fMJBTIE=":{"valueMac":{"type":"Buffer","data":"ZnDkRMy2wK4d5iePBzFFUCW1An3UDX2B83q/hAfADeA="}},"mLeSVLO0RVA/bwVbCzBNryfARmIIMbukNEfee7kUNWw=":{"valueMac":{"type":"Buffer","data":"xW5FcA0yGCgmV80JumYMA6bSvcAp4X2w2oEAStRQL5s="}},"umK6/+BZ0AedsPPS891FKEDo0eVsPTWYZMhQJzT747Q=":{"valueMac":{"type":"Buffer","data":"422oKH58H5xJv+HqOSmrDf26tRDbxcJEGIhluAv0o7k="}},"yJ6vXwRN8AsZxYW3obzuT/78LIe7tF0PxdPzhnB1tak=":{"valueMac":{"type":"Buffer","data":"pDdH/gb8hU09qgvvgP9SJyMaPDerjwImHnSS8SvNQYA="}},"at90jr04oj4Caec3JsMbrQVh0K73yfqCXG2jzANs9vw=":{"valueMac":{"type":"Buffer","data":"MnHGJXWiEPnSZ2KBGEZ2FB7TAzJ1mJTv1EWiQlxnYBM="}},"MbN6L+vl/RCu6fO4CXHSleo74BKttPJbL83s15vZtH4=":{"valueMac":{"type":"Buffer","data":"3LPPnbdDZ6gaMvC7LvB0g02qoK2FCsfynNWu9LOgH0k="}}}}