{"version":19,"hash":{"type":"Buffer","data":"2spQkraWgJ2pXw1U2CRHQhGGFRWW3GKY6rA+r53WY+Xo0lv9Y8inccfCRA5q9gxo9XFgWBFrGY6ho7vBUFmOtLhyI+pcPwIgcoOQp/MKwvgjUqGHQKDTpVBoDXXmd1+xtqC2BQAYI1dVWzs2F7VP9+15Vp0/1F7xu3yfqGS042k="},"indexValueMap":{"AFPbzMxuQ3dVrflMSgNMQfPPhOgYz4DFbxPtyxrlSJU=":{"valueMac":{"type":"Buffer","data":"d49W66jSHG8gEF7tD4bg24FHVtEBb5N52VrmX5qzqCg="}},"APZQCUx3qZa9flJl+KjvuQhby/3IN7JAr5cq2hhdxtc=":{"valueMac":{"type":"Buffer","data":"DRscwPeFylJ52mDAZHNbBSKWAqPchuEkg0MjJDzJjRs="}},"AaZQ/JtCP+fuOF5cOyKg2rlLkk1Oi63mmVjoJxITwic=":{"valueMac":{"type":"Buffer","data":"/Tbh1JpLTn2wS7RsbJtNwFqNBUy18pboG08EUuZiago="}},"AbibMmwA6qSjr7NPrcKr/XTyGescWqh31E8fYLcm18c=":{"valueMac":{"type":"Buffer","data":"CVdNHvfe2e2u+lfJzWLi6ZvJ/UGt5Fy0jSCZE43NgYc="}},"Ak4PXnslewWBFBH+T6okVQxH6h67gyMxidAm71+TJlc=":{"valueMac":{"type":"Buffer","data":"Tw1m9Yl5GU+Dq6g37rTDwPL159MjQ+sFA9OA+Z+xOBg="}},"A2RKjj3DvlV4MwNqkNJvp/A/dHYKB2ysCr3I/iuZh7c=":{"valueMac":{"type":"Buffer","data":"BdduAEzSHfWaIrVdruhD6YZXs96ciIt2vYIcgdFVGnM="}},"BbjcwGyRL4Jq14Z3C9iuCDkrgRIqvcukgXFn94/xKi4=":{"valueMac":{"type":"Buffer","data":"JD9JWJpWvZd9EBVm5VbO9YcwVkQfmfFl7IC+Qlj0YIY="}},"BtyWbQTdD5UVCJZbcchJgldlR4F3wKgIQ78I9RYMbdk=":{"valueMac":{"type":"Buffer","data":"XkWj/Zil1YQODDFOeRlUco2JIGTdKZx06GTcebI1q48="}},"BzfhREf0+SqvYcgc9j8PJA23A65U3bsv92u5dSilLUw=":{"valueMac":{"type":"Buffer","data":"s8W+aRi764PWVE/y9Ay3qj5iYUUWJUE0mKYa3UCPvko="}},"CJTNsW/M5P+K9UD0caYAkdZIzKk0idmhI+kSs5v7EL4=":{"valueMac":{"type":"Buffer","data":"itnMVZ059EWIVWE9f4QpPAHZKLVyxJJWXhcFsBSEoRw="}},"CXsrVxjXYDA0DbzRVcMAwI8fnetkzbX37yFbwZUUrUs=":{"valueMac":{"type":"Buffer","data":"I0p77fiZqJNGYhTwDapm+cueAjC3G/QTkheBA6/2peU="}},"DM56dwubLC1gtsngTdt77Wy4NZfUQwTLLtXl1fY4S4o=":{"valueMac":{"type":"Buffer","data":"bwRZMGd1FQAGWw57+YSAOSkCpdIeZyQDXkJdBH45o4U="}},"DNhsk6FpiI8vQ3Kivd+4nse8Zo8SiOrZN0zvJgnh8f0=":{"valueMac":{"type":"Buffer","data":"KGNPLF9O4bA/NY2LV5BR1V7kKRPMUqeaBAoLGUgy2oU="}},"Dn51J0QzIVpi4K7YGsP+GHsJmi1qtAvUgVIF9M0/pRA=":{"valueMac":{"type":"Buffer","data":"ffmbxNzhfTpxLcP8++Z5brFQtVn368ShyuwhhmP+jxI="}},"DtDdvHSi/lj4lGOwwHkE6qC3CsJ5I3oIRkapZ2stLAQ=":{"valueMac":{"type":"Buffer","data":"RPQDFUtz6j8aSH8/5bZH12zs935Pq8UBgB8BE1QZKDg="}},"EEPbz1/fi7q8dAQY6B16Sn2aNgjKDtC+DMtGKZpdmKY=":{"valueMac":{"type":"Buffer","data":"Wcpuw92+mToStAUJFjeSsoWBVlEDplIYTAQ+3LPhz/k="}},"EHC8m8YJaEgXgzl1eH+1L3nmaiZtpz3xM6cVJ+HWQ9I=":{"valueMac":{"type":"Buffer","data":"w80I6W+onSFywmrCNv8vXFlzQeQdYShSHkjgW0qXuJ0="}},"EIjzEXeIQc3G3rhokub9bkeTtfpq7IZgAG51xeiob/Q=":{"valueMac":{"type":"Buffer","data":"3V+YfNghEcfAwyNGriL2El/jpKYkjFk1aYzQ5EyIBvE="}},"ELcuRTb6MYRRnDWvwy83s1A6XOnFGW3dUh7mg7qKKig=":{"valueMac":{"type":"Buffer","data":"l+mkP/z5ytRWeG6XqOshuRHn9mLPLZ3uGFt4wv+NomQ="}},"EL1Qt8PWbb2RgCzQr9PNvYKv2nCG43KU7sebFki3nDM=":{"valueMac":{"type":"Buffer","data":"cpZDRbTxTNINKyy8GIW4fnS0XOWCSzHRRUlLvtvitqg="}},"ETolGL1gob1poicqYMTJ4z8u2gey1aptF/FCQ1g1yQc=":{"valueMac":{"type":"Buffer","data":"fSgjnKquH5GzGTkE9TNjqdF3Be0jHOcFpHhkQZhHHzY="}},"EWhw45TPcQvTu1oGFdiALUK7ul2jEYCI1jV3+zqyGq4=":{"valueMac":{"type":"Buffer","data":"3LoNjWLnK9kE3WKHCTRx9fIuzgugFTGexR3OYRrA1Bk="}},"Eg4N4x5Gt2246Lyl8afTrX6BHzfv+hcYw26a0bsyNK0=":{"valueMac":{"type":"Buffer","data":"FMo/FFEizZr6+8EK4dbTCnxMAcfRoDjCQx+GBJfe1wE="}},"EzbNKjFh/bsKRDOXfEZx6k5rofPacEpRZh7iv1sIyxA=":{"valueMac":{"type":"Buffer","data":"yFKoWUWmqd1QavGFmuPQ4AuZB1GVsRQT7Atc4sOomnI="}},"FCNVtDGLncio0uzSV1flwtFgXOkHpEehsdj8vHSPoNY=":{"valueMac":{"type":"Buffer","data":"f+ztp2g9raHh8J09GWDWN2ljx2VuAKLu6xBnpYmx37E="}},"FF4hJrV3N9EO6BA81usT8/R3LQ7dSGjAy3PPfyAAB1E=":{"valueMac":{"type":"Buffer","data":"AdEMaFWUfu5uyebBFxfj+nqukl9k/Phpj35NIjDnJbo="}},"FHla0Wy3DCyW0wHC00UQtr5LUe3WSy2bxMwErsysS3U=":{"valueMac":{"type":"Buffer","data":"iqeS4/ldKqOOk7nYDcz7h2jGhXjMblR8PzBuzo4N8sk="}},"FM03nfVgXN6H4TfhYp/Q8UWkBEpBEcuMJKEPJofgUp8=":{"valueMac":{"type":"Buffer","data":"O+WNdXWFRtVOKpm4Kt3zh8BHtv96YPym33WS2RK97o8="}},"FPCSWON4wMyDal5wcEnieXlLUXUcIk9iKrxJoSWTH8c=":{"valueMac":{"type":"Buffer","data":"wXoIcIRm3SBLW6tTMcHhg7j0VYbs1doP/AiMkFWvYNQ="}},"FiSr4aijuOhlS/gOeGibS9sGWtKu0EyQ5wYK9oYqupY=":{"valueMac":{"type":"Buffer","data":"RBS8TkoblJ3jmFg3WnLn9DbiLtmPaYFZp6MM1IJ0rXA="}},"FxgYCm5fYFkQfFT54HDHrsENNv+Fnj30yPCTACj3sn8=":{"valueMac":{"type":"Buffer","data":"8rXcCqMFShj0mFVAaq6tTxQmsZrDFtNAieEQBKvJSnw="}},"GVw+6/p1EqIYjZ/3+a1vDez/mg4qP0/R7GfQOs4lQBw=":{"valueMac":{"type":"Buffer","data":"0tK3RH991btGRxRZ2oj1hQrXQxdZdX3EjkY1GfKkUkI="}},"Gk7rQeCO73CbibqXObPOpemrM1VClR/ZAENj9KjqzJs=":{"valueMac":{"type":"Buffer","data":"0WQW7RaBrP9oZbN7FKRD7zTIYdbH9yyp0IiQgyBXhCU="}},"HOjCPyRe0wz6YhnvCgJ9FoQpCvMwuxTxdoH9pbYa4VU=":{"valueMac":{"type":"Buffer","data":"p//w1Dfs/ZVZpACYBqQHFebZvYt67kOBPv+AZxjePDo="}},"H//HJFFoJhmUIM0UcG+iq2ZShbDMig+PNq8bkck4XPU=":{"valueMac":{"type":"Buffer","data":"k3oclVaJTyr7L2BAooi2T4In2/K8Sy9jZVcUPBOKc8c="}},"IHOkhtHmFjZCTHzQW9iZHi6Jnp9ZV4I/p93Z/XiCkaM=":{"valueMac":{"type":"Buffer","data":"AZx4LQ11xxSFXG3oWKvjIBY1p7nUF7GdG0pgt/wV0rE="}},"IWc8CxYvK0JDRL1Zk89dtRe21mk8YXrlIjnBYGAGcRs=":{"valueMac":{"type":"Buffer","data":"o+Dpi8E1Daxgx6ujOJJl/zIfxP1IA9RAuXhuBCxa82w="}},"IbaMKucOONWM8JBEXJy40zznO0ATBkxbTzyeFED5cVk=":{"valueMac":{"type":"Buffer","data":"e3xcWzj8r4kVdkkb/PcJtwrFHEKS+9dnkYT3mAgfvLo="}},"Ip2UJ3rlQX7hF+gJUCl/fSp6iaTU+480DyYaJ1hc5o0=":{"valueMac":{"type":"Buffer","data":"NSjzEWy9lVXTEb2kfCyBhHa2PhyMzKyUdP71+LFWjyk="}},"I+n6eEhx5VJZdep/VXuF+kexyFNLFUc1ecSsSAh139A=":{"valueMac":{"type":"Buffer","data":"vFgW+Kcrbn9YbCaEruPiOqKZBD+EG15yYhLOR6D0Skc="}},"JFmR7gCC+Pjq+JqOcjYDnLIjwwL/pyTgvTfWImYfbAI=":{"valueMac":{"type":"Buffer","data":"KUVfcFIMNkOijj0udE1t24jwfauvqYGxmFv52TtXag8="}},"JNsgY2qp7eM4xrkjGbaxuagVc++q6CPKnlv2zCvn850=":{"valueMac":{"type":"Buffer","data":"+GMIUMSePjcUKdV0odZgZ3wAZg3Mfje1mcs6F24r13w="}},"JtTS6xQifWLKa5pkWQNos5Vm+oWyrj+WclwINTbNNes=":{"valueMac":{"type":"Buffer","data":"jnFg4xg0TO+ZmbVoYLnzFHOmon4er+1nmsSd1HAeWos="}},"JuQoZBNgate5iO/Wot1L0czMSHy1bgOrT/itspppyZc=":{"valueMac":{"type":"Buffer","data":"kVl5cjbTC3j9MYcHFYGF5hKRzaJ3wxc4dhBvZprsZjE="}},"J6tTWIp5Pmd/bpxcaRFTwFXHrA2EL2Fr+uf9SIs4m2I=":{"valueMac":{"type":"Buffer","data":"ciBoY10DadBkJ19lh+ffGU8Ha2BYS9TcfTFn0Q8R6ok="}},"KQW//1Pjja0/78UgNMTSGhCLLiu7LGdUeOsSir3BNk8=":{"valueMac":{"type":"Buffer","data":"68q+blhU3PNFTzQfdaLQqefCR0vZVdhErhRA+MMn858="}},"Kl2StiMHsC0OnguxsJwbNa3MZNHBbzTb7moFuTQh/CA=":{"valueMac":{"type":"Buffer","data":"eQj3A/KatlWDZVbodRY1nXivX7WiGgDjaHRyqiGNWH8="}},"Koxyg5oKVdMO3O+rfkG4sP6vIyJoTQ6ezaBGdpPYUJE=":{"valueMac":{"type":"Buffer","data":"aESWAr5Nwgz85JW/oH/Y/KIV0eJ1NfqmM+tbLY8soL8="}},"K9Nm+xlcV/TLlk7PFR/PzWL4BzmqtJtOmyI4K/XBnqs=":{"valueMac":{"type":"Buffer","data":"FfmFTuCmDKO9CEz8ZFEkl3RFxwg5ZGtCCHSCVIy4aqM="}},"LUOF8QD2EuRWfz+7EvKbwLZV/Yb8vJDbEO4NakX00H8=":{"valueMac":{"type":"Buffer","data":"RVLWkH8OadIjwpQuFxfHPniDN55Wub6QDp1yB8lt060="}},"Lsyi5PG6kAhMIBLq719vB7kMWnYjehOjxmKVO49W6N4=":{"valueMac":{"type":"Buffer","data":"1V500xDYk4lE4OUzvwgHdMIMY2fHQoUR1ltUanQXYeE="}},"MNZ616E1HDJz8LrACQhyTs4uVn5ph5KmgS9vNsmlMqU=":{"valueMac":{"type":"Buffer","data":"qCsVc23LRQo0lThxcwpOf/4UPyhgD7INSmE0sBcv5zo="}},"MUycUInf43psOSYqK2kC3YTRu87ffAwiGYWBt5H/qmo=":{"valueMac":{"type":"Buffer","data":"jHPAtqFRFdSOVfhDYFcEE92dgrJ5AIQodf736qmqVXk="}},"MiALmMyW6iZGJRmvXtq/mKWrsE9KxPYEyV0BEB2Kc2c=":{"valueMac":{"type":"Buffer","data":"1zaKtusO6rXF8ZSPjVd9Q+bDstGwmI0WozRdsHqJilY="}},"MtmcqyvFbx/ZnnPm7OrWMZz/l1eAplp42yodxZXuN5c=":{"valueMac":{"type":"Buffer","data":"eSWeyeDApSP2yYV12FXAkPX0jZdZX3ZDzM6N0myP7qU="}},"NTjqkaDiEJj0JQXuyVffYILmdILH3QAOarqSF0H2MkY=":{"valueMac":{"type":"Buffer","data":"XZ0w0JFCupldTz5DLIphGQnq3ZiAcqVf+y0v4Nv0Jno="}},"NWI9ZSqqso3NwYAZpKYC1tlhBb0V6QBUjySo9ZFNhxA=":{"valueMac":{"type":"Buffer","data":"LrLjTPOKR+iqm/abxhuPLSO4UO32tzE0bICCyb/CUiM="}},"Nnc1WirBFyJFeA4q5zgHxJ5M+b8lLbQs+gPXJk2Lw/M=":{"valueMac":{"type":"Buffer","data":"PyG7AIh63iUbaR5LcI0I/wgelMOAZFhpyjuLIem0UPw="}},"Nw7itkl+5DztUJpTbm+s9Pn+ie/y2t98WzXeodfSD/Q=":{"valueMac":{"type":"Buffer","data":"9QRT6YeB6/+duAxI5BZ+N+JQpLeurjrxV+o3vXSDVgM="}},"NxPiZqcp/66SSW7lOea6SP82rYtnCWk04tcfgHD54RM=":{"valueMac":{"type":"Buffer","data":"qERz6GkNVFlvfbDm8jQRW/uQ+0oFvfOWuLNoXdBJN/g="}},"N3u31XS0akCP7TmV1+CA4H4V91f++uq9ai4nJ4TKeXM=":{"valueMac":{"type":"Buffer","data":"gdROQC8HIav/Vxdp6jE97W+Ut/UGIp1jI5GgbptKEKw="}},"N6/inbqfaqBReQZi47rMTQUzSuuUOegnzxVcn47wa5Y=":{"valueMac":{"type":"Buffer","data":"77z/dJ2fIORUYVA9GFYrvWwGddJA2aPhW6D8WpyNGjs="}},"N8UW4Cm1aaB0MySho+JZ7vd8zrz9/bo0ZVrfd7Hk+rk=":{"valueMac":{"type":"Buffer","data":"LSwbON5AqOaEu21jCJCS7mcZyozsaVUZtuCoyxTdaM0="}},"N/T1Xtq4jn+4E+CzBleOLkQiXkKvWUiEW88BvElrbNw=":{"valueMac":{"type":"Buffer","data":"6CefozmqjsPuLNrYROmscJY9drhVTS8tWfCAwhudHS8="}},"OQaNXLfaJs2HbF9uUKLkr+XW9su+pH5zVHPtmx8hGAY=":{"valueMac":{"type":"Buffer","data":"i6/D9hUtSvT1U/g+6aW2RrqGYqhmxb+M2ZO6MAfMn8Y="}},"OcFXIhFLhhNrmioGIksvkqwdYXgCvrwo1fnSfurNTuM=":{"valueMac":{"type":"Buffer","data":"GAdUMrZ3jwS27zTFOYJTDUngjKHiFspqh6THn7a2y+4="}},"OhbsyozQv/pwLbP7VsBhZv2waPccDJxLnStAPYIT2gc=":{"valueMac":{"type":"Buffer","data":"ZBXOdnc0CqR9sqJrwjLoyGnSkJjTnVIQ9U8YzMhMOq0="}},"Owl237oFDs79yq95FOUdQteKQFuO4tWL99cw1jCvh9o=":{"valueMac":{"type":"Buffer","data":"tDgHOfx3eGWZgPeRoG5KtoeONxSAD1/g6BoGly5K8S4="}},"O8dROK1Ko34Bt2U/XFppzaKtw2+3NA0xsRb59PGbfvk=":{"valueMac":{"type":"Buffer","data":"YZDvdX68VMnyEFz+OWhxQROgjLrWa2NsPlI/WFHNYEw="}},"PaSI1NraS6jlVfbPXPYIWLRxj/6lViV4Nc3MiqZFdEE=":{"valueMac":{"type":"Buffer","data":"AMLZWgVsB6HwnC6HVCWIifT1qTs1iVYZnprdWxoTBkI="}},"PoxdjjTSyU0awv90W0kZPQV7ZKUBVok1GWOZEPS9bSE=":{"valueMac":{"type":"Buffer","data":"i6iZwvswD5lCrkXH+evyk1f4Y0R7T8oLTi+4JHtkGRA="}},"PoyQGSdAszz3sDzxaOA6SV7X+ecWo0M7tYdDEMF5Tok=":{"valueMac":{"type":"Buffer","data":"qmoah/OfdDXDTqvDhLRh7E91oOJbqwGKuGdpb1bKO6Y="}},"P5lotYNAdT3T6PBaTnBBu2CVzITdSpL5tr2ScEXq/EM=":{"valueMac":{"type":"Buffer","data":"qI2xT6bQ27aMf1kMeS75J480q2MBlhtVoe4wPsUxX70="}},"QKcgsRMG6eHRWTqZi70iDmNrilw/ESOSsA6rTYomW00=":{"valueMac":{"type":"Buffer","data":"cHM+h3RAauqadhIWo3kuPG9NIKqgboqILF3iYjOVEE8="}},"QeRWzItnnh1NmBOgw8Jj0a+5FdO7qD0x8XeDpNvfOos=":{"valueMac":{"type":"Buffer","data":"lwyc73WQzs6J9jbkp4/fxGC+BnI4PFGiPFn6+ihjSro="}},"QmMLXte6Ozp+Iba9Cuy+6ZvIgTXwYnR4J27NjQRV7qY=":{"valueMac":{"type":"Buffer","data":"HCY47lApnm3E9e1QPWoxFMN0kNT0CyxwHoQotWHLz4c="}},"QoG/ecRGSW20FLRmiSHcnia8F//dXr1EjL3x96pAERc=":{"valueMac":{"type":"Buffer","data":"w1YJHBW847NI0HscgFDf0z6/Cv5oZmU+6NLytUDGtKU="}},"QzvlT/Jk0IlMlajNhSudH3RCE63ngHuUbmvnW+sdsMY=":{"valueMac":{"type":"Buffer","data":"jO0tprAv03XjJOZPJb6iv7J56qLgBI+MR6fm9rK5lbo="}},"RDnzwzHpgbJTrPw+yXZWsQJkj/Adxl7tbkbIhjAThUI=":{"valueMac":{"type":"Buffer","data":"zl7cH+0UQE1JqHHMib5Vqp0iKkQKrixB3JU6T8k8iMg="}},"RGvz3fH+qqpB9mfL6X2r9jYCV17vagCtUQJbjp6VYOU=":{"valueMac":{"type":"Buffer","data":"s/UW87Ff6MIZTiAivLH7Qqsh8oFK40Irz7uvU0EcLmQ="}},"RKjUynpIznkSW3cVgqBOXSDgcqQx9m6W3FMs2/KtVSQ=":{"valueMac":{"type":"Buffer","data":"crlYD4OOLFbLtic3HlG1vO62QLXWmrI/l8dOGVZ+V3U="}},"Rgh6dp0v4Ylp+tzoL5DjV+U7zjSswAGVw4C8n/mPBzc=":{"valueMac":{"type":"Buffer","data":"Pes+zCICOVJ/f4SvmWrXxK3L8eee95yjA8LVAWQQBqY="}},"Rm6MavBu5daHep/AUeGoXU14eg+CU+p+X+JNGVvp5A4=":{"valueMac":{"type":"Buffer","data":"TU8VV/Yp1WBPxZpkCfD7AzAAwyeQiBJtHcnp8Sz+n5w="}},"R36mrY6CT+7b28ta4hgYM3eoVVelACEWMiCGl3ERUvk=":{"valueMac":{"type":"Buffer","data":"OC0hssQyDKA3VhEOdM/kGGiyCIVGHXUlOHSygdYUUWM="}},"SA6wONYGR7AgajvNgqZhbnNftTP2amfSVmNZI1To/T0=":{"valueMac":{"type":"Buffer","data":"A8i3On4a9Xy5Czunp6FUGbmwsa3pVNprRdu+DbcpCwE="}},"SEL8kKsFewqFCOlEkDlAs/w58TEPv+37+KL7FPFfxzM=":{"valueMac":{"type":"Buffer","data":"lZ3RYFK46NoWq95p+hsHTT7zE/Yx+HUAso9lNHHpciU="}},"SITqt4p8dqWbzSIbEJ8K8OVxPSjuRfDDCf+WTRbpmXY=":{"valueMac":{"type":"Buffer","data":"7cc4F5CiwQMTP66lZCFyrhaYIUgWWHvllg1q8MZYLEk="}},"SZHW7s5KZrm9uf4tGulAIlcjdC6QksGYgINhbniOZpY=":{"valueMac":{"type":"Buffer","data":"R4LZVb8oaAqOAwus1ausaoHY2hj4gC1MGWYvWjh4shU="}},"SvlWVcJTAboMu8X8ZhVt+G76bEx92ujzlYybBtaB16w=":{"valueMac":{"type":"Buffer","data":"kYI9x5qaLpMr9uJeM3AjkuBiUZR9gCfoKJkBZjHXE40="}},"S4OMZCsfmbAj2sGWXsinHVqQc78O7XA4/bVxPoifXsI=":{"valueMac":{"type":"Buffer","data":"RnmzB+ZzF0avksZ2mY01/WhUSY9K0EF9xY5pHbZ6dCk="}},"S8LYYwDnhK5gvHYdtqo1OkPdej599qdf6xmwM1tDdoo=":{"valueMac":{"type":"Buffer","data":"EFKlOny6IaxmfeajoAPxGCnKRNgkRl9R47T4UradZHI="}},"TJzlqIe2r29i3S/bmWjvaWURCHlrRDFcpqweUPKtyCk=":{"valueMac":{"type":"Buffer","data":"kPky2i3ruEda19k9/LXkyJP/dlxvB67/Iqwwyoe4ybI="}},"TYnGHj4LDMQ5XXpq9kzC/cHY47dENoY2vvkRVLccilo=":{"valueMac":{"type":"Buffer","data":"DruF8aIPnVyTS68tT4rge2xthpbXmwEUSME44UuYefI="}},"TiR2I9H6F+eBlsn5/Ywzv8LcfC1Z4eK28ljrDNPwk6g=":{"valueMac":{"type":"Buffer","data":"SqMwXjvg3INoxDa7LX5mwLSpWnrOdxr53F4E641Wkjs="}},"TxzM7Bd4x7ZheGgfmTLOGmUTApos35RjrTU6z3Hb1ho=":{"valueMac":{"type":"Buffer","data":"Rr2OlLoiSTC7E7GBG5N53GzTkmoMpv4tuAvZG6HBSYU="}},"T//0kTlHl9yG1jTcgKAclS8PP9lvC6h9dS4JOhKw/NA=":{"valueMac":{"type":"Buffer","data":"xPw7NytvKM/gM4oWc30T9thvHs1uJEVHxu8v0E/U2eg="}},"UQWn0SyEUT939ABvZWVgokBJkKsD8ovnTupTFMX1I1k=":{"valueMac":{"type":"Buffer","data":"jTEYBtYyF6uo8HH4mwkMEoSv9f390uCCfE+laGSlBs8="}},"UkWxuyeFNEv2/u1o0bNbMp4ySsyrLp3zB9VVeiYDF1k=":{"valueMac":{"type":"Buffer","data":"QVcE154rtzmz5m7dfjTjgQjERAov/6ytfbsjTCCGCyY="}},"UxIqszRE4/onYQz4FSx4ot20kZcNPTUeOshNn3tBuXo=":{"valueMac":{"type":"Buffer","data":"xaCEyHCTuATOvd3KZIeDLdfsm9wYI3B65CzEZoFvSk8="}},"UzScCknMGXqcj947FU2kXLhBaIJ3dGs+Ft+BHo1Cyl8=":{"valueMac":{"type":"Buffer","data":"cp/agpLRvAy6jUz5vbW/Nt5E5WvhRAi1WcZEbtwcdug="}},"U9mWf5R57UgEtWYkEENJ54XC076ClH0o1TBaqy28PV8=":{"valueMac":{"type":"Buffer","data":"qCpjhGncrYCSzUzkAwahgrw2yspYtSsQUmFqG4KaPdA="}},"VFZGrEOhfP6nubmhvFhYmhqWho8JTdTSYVORFsXSkJM=":{"valueMac":{"type":"Buffer","data":"UhVx82sxasxEcs3Y8kviu5yhFreEPUuwzjOiTltlzu8="}},"VF2pbNQVDdMf5Z9K5zj8CFrdV4xrUuABgiV9C3G8lBU=":{"valueMac":{"type":"Buffer","data":"wHPkaxuq49SrP3toWUtwFocZTfvtQE0B13HSuY4jxZ4="}},"VKoik+CpgfUzVm/6VnXcHqIS1nDIxQCjGhufK35jzNs=":{"valueMac":{"type":"Buffer","data":"t/ThnEKDg8eRWugGa8yVPUYrCvImweAfFEs/3luyhQE="}},"VeWnPoglOqSaAs8VR0Px0H5/7yTdXVokFOwHEOYD6fA=":{"valueMac":{"type":"Buffer","data":"b/lZ2xmh2tQ363VLBs8WZz5QSXL850fWvtfgfB//OkQ="}},"VkzsqKZeU9LcCkzRStHOKIW4qdcL6WhZiSMrQ3+3oN0=":{"valueMac":{"type":"Buffer","data":"M9b7op4kHd3ewu3jlAj8IaRO7UQFP65oaqZ3+gvShw0="}},"VpgCj7Vsbw1zxfwea2MGdgWCUYkYnG3C/OTeVyMOeGg=":{"valueMac":{"type":"Buffer","data":"MVd2XRBX3s3joFFvJ01Wbkp7qEPbhZoD8lZRN0TnQoE="}},"V53Vr82MY1mKdAQO6iKUAmVzXFhQlLaeGQ9dKVxizB8=":{"valueMac":{"type":"Buffer","data":"2FBtaGQWeIVRrhqV5e+0b53vqDlPmF+6lS2vz2fto/8="}},"V7/TPoBjkn+xYPHzLH/GFHZswRorWA+H9uUqEXFA8hw=":{"valueMac":{"type":"Buffer","data":"4lyJ4/Dd51uwt33pdSleYmmciZJylFvCjVYLVhrQjMU="}},"V/vBlxOCvUVFHy2nxSq5/B2y3twCSA4mNbJViPr7QIc=":{"valueMac":{"type":"Buffer","data":"HWl/5jbu2tynGzwD3W1RPmOJTM/F47qPPnqBy1QUNK8="}},"WSPAMbg83k2YXvUIjjXTA1Q8eFNKrNTzdl0sh8YhgR4=":{"valueMac":{"type":"Buffer","data":"QuqPf6JVOZpGlpmL/AYY0DJtAnB1MFdaVbmazy3y6Sc="}},"WSzTDBlU2dE8N6xRONxMXyxXAOIak8qBFpHCMdxIOLI=":{"valueMac":{"type":"Buffer","data":"0R2x+tTALzx0AMefUscdyll+phN9OPkRcskZBE4ZDts="}},"WTIkjNMe66cvFI9vuf2tJjEMhh7gzdVRjGTPiRk7XSg=":{"valueMac":{"type":"Buffer","data":"CXuiYgMxWZYZmAzZMMel3a55f6ERx66NBt1jDeMQ8iM="}},"WlXGxjJ//C5Ka7N1aXUeks3/B6bE9nQOQpIC9ieu14M=":{"valueMac":{"type":"Buffer","data":"Obc5k2dKMggQ0fGAaz1xy1+0ZoT6wmPm2WaHyXt61gE="}},"WxxT3ftfn25Ju1mEdq8/DALN0ciX3MVqCaLFkvSSZ1E=":{"valueMac":{"type":"Buffer","data":"Fw6fEnKGbUKNRjHMcfwpjw2eR0Bn9gTZCZ2dN322qDo="}},"XJ9NNoSIYSLpFbxgoeDib8A3rjioGpsXeW05YGh+oJA=":{"valueMac":{"type":"Buffer","data":"cdqtnG6HrDayulwa8EHDdIS1d5zQKPg2STzsSwJiXys="}},"XYqjqB83HF4XNZJOxkUtf1FQJhQk9+tCX6pJDZd9gH8=":{"valueMac":{"type":"Buffer","data":"QDf2eOPHB7wUzUmcurv27ksKPzcZ2QbuKlyprZ0+lFk="}},"Xw5szn8UAkiftYJZeXUMAQSLajf8tRC1samrpK30gJ0=":{"valueMac":{"type":"Buffer","data":"YLgIvNv9fe/R8u518DlwMqo+tARxNRder9TtlDFWzvE="}},"X1DL2Z8ZvgVKvXEbBNt0eRHrIbGb4HJlTJzkSXu1c+I=":{"valueMac":{"type":"Buffer","data":"r80b/ps2YY2HEu9Jc6+4h2ldTh1RLY95pBzLe/mNGnk="}},"YVHYnsJkYuQ9c8/tJSthw1gaht78opMt1gqHUAx5pUo=":{"valueMac":{"type":"Buffer","data":"IS9ewTjwaF3awdkPeL8xomot7wxHykgDKHpAli+eEmw="}},"YZeZuesuAid5JWwiaX07KYvp1P3xVDwctIXdsuTORPU=":{"valueMac":{"type":"Buffer","data":"Cjjx/HQVGqV7CwvR+jCQYVR1a7YbCbxCkCthIiOd4Qs="}},"ZQguvwQH5YabSw4V2UiU6ccWMo5HED5KZjIZTLlAifU=":{"valueMac":{"type":"Buffer","data":"HW6VE/K7pjNSz9e4/TIY4l/cRgQNXO1KtCjqQY0Gk+8="}},"ZsFoqXUWB+eu7clMZMFoM1Rhy6046gBOVfLkM9p5cU0=":{"valueMac":{"type":"Buffer","data":"GonaLtUqkNWgw+XLQ1+e4erV3QXrQp4u9/2STq/1hd4="}},"ZtOfFXdnMur37jrHa1X+zV7WAF/euNo9t4/6vn8I49E=":{"valueMac":{"type":"Buffer","data":"EWgYaMw+M3bTiRJv/mGUZjMuA3Ye9dUPdg3THE3OdDY="}},"Z+IslrEb0ZdGbIcuy2kvCs0UYpKKafHfTw2aUrteIlY=":{"valueMac":{"type":"Buffer","data":"HF7JCuer22Ll4dh1rlZcueE+7xBoz6ghsK1okNNNh30="}},"aD7wpuRPhVC2FJ9fxXSaC+X3sBNiTpOhbozKA/7Gi8k=":{"valueMac":{"type":"Buffer","data":"QnWsnnKFXOZezKmRh23mwbMzOXi4Q+srPGl5XER8csY="}},"aUUZ41b7gaD3StU6+b8hoG7g1tb7TR/QlMzf2+YACbg=":{"valueMac":{"type":"Buffer","data":"2/tPK10pN8jgmAaLQChgiqSG0sprCToRXPrJPf67rq0="}},"abF7C5v0McU015H+MZnrRG4K/DP3IWT91YsF59bCTUA=":{"valueMac":{"type":"Buffer","data":"D0sZn3KpaRUd2CdK7KlwiIq2iuLzuUWcxORe/mlYEOc="}},"bCL9BfBwWTLvyFhgdUJJlqpe3JC+JLncEkLULoWjVyg=":{"valueMac":{"type":"Buffer","data":"k3sPxxRr2HrFffhyLvdZ0lAoBozxtGTJ6xrDWwG7/Xw="}},"bCq9v93qj/k4LeQr2s09rcbWPMMocYyZlo91DQzegFM=":{"valueMac":{"type":"Buffer","data":"Yl5472eZ/GWBZmGg1gYPh13gqactuSnwg0bxLPxRdps="}},"bixUAnFkln+Cn6dX1Jp3EDg8MNkS8YhSNg6NXe6ayv0=":{"valueMac":{"type":"Buffer","data":"OcwMWIzLwVGyjSLJN55+lgO0Y4H0+sxrAeeEaO/kOoA="}},"b9oiugr1lk+DkpJF064mW4ZUNpSrCJBOdv5KmLXSMsY=":{"valueMac":{"type":"Buffer","data":"7dburCSQA1m/KhU3tYtMOmYy2HJF3BnXrttnWPZ7XyI="}},"cQhAv2XsaTJRPn2cclxbf4KfMt9xNCXxR8Q9jGiV64M=":{"valueMac":{"type":"Buffer","data":"P/DL5522b6Dl1Jh3P44jyLGthQhY/detxmhMEzW2H6c="}},"cR8qmGN15FzaJxEAp8v5pxIxGxarMota3lyyxtxfVAU=":{"valueMac":{"type":"Buffer","data":"Tm8+c4nBRu8BfEdRMNRT6rPYUFMPWKJX1hWvpTpl4So="}},"c+TcoH9pDaVZlySL01aSsul84oGVQQLWX0oOCUn5qzI=":{"valueMac":{"type":"Buffer","data":"vNX7jMrYpC/pdiq0l7jGi6rz2DA9jvacCrFZwCUtRgo="}},"dNiTO5mWWOC+jIHyRXbH/40PA48gfIyjtTB82fIo5Ww=":{"valueMac":{"type":"Buffer","data":"eJPg/S5RdmdnJXEEzAJRA0PBX4fvODGnOXn5oboQWX8="}},"dRKdkokAbLEenV3gUK5jYv96Rym+j+DukEuZVTtgvdc=":{"valueMac":{"type":"Buffer","data":"fJM1fSWFTgpOqWE/iZXdEoDetqjtzZcNW4+NqBIhn14="}},"dzJTA84EzDz6MzCH08rjEfk0uo1dnbyA+J39tJVuO6A=":{"valueMac":{"type":"Buffer","data":"6elxyF8SiyjChefug+pJbUezmMJvdRnHk7ZZsncoSdo="}},"ePrSq9kUK1ooQSjJ0t3HRZX7gBjrspgWVLN0U02aPhM=":{"valueMac":{"type":"Buffer","data":"PyAhQ742boEGBjXqdl+wDv9N5YXoqRXkCRSDvHbSkOc="}},"eRikc9PVqT7lb0ZZS+4ZmTB1Q29jtLjwLUB+D/vDdqI=":{"valueMac":{"type":"Buffer","data":"GmmNNz0b+tQeo+ej35lH94JoMiSPFDzZpfiN0kewTGc="}},"efaZbppHo/plqG0AU+RQII9gHTHIQb7X3Kotz/Ki6+w=":{"valueMac":{"type":"Buffer","data":"n0q9pBV2YA/yI6KoPe2b26FfYN8Q9B8aVyhjqIjO9ws="}},"ex2TxsQ609DKE9w0o1u9cjFaPQ9ctJCJgUBm80DakEw=":{"valueMac":{"type":"Buffer","data":"OWVXgcaVs1OqaYBHy/ebvUEmY5IsUtqUqbJZmyXLGUg="}},"e/oQf7EI/UExoBwDnq3nJltZRIyRXTBYHux/cHWPArY=":{"valueMac":{"type":"Buffer","data":"Q94vQ9v6DilN3lkUaDWUFObfBM75aWWkI4HYoWykHW4="}},"fErIB4TDahZGhScua90UedkX3BwTsmrJ5Zk0OATI8TU=":{"valueMac":{"type":"Buffer","data":"2M5Df5Jkbmd82G5mYKOuo/upQL2F6C4oKFseukJ7QrI="}},"fPEHkp0XW3qcE0Q5Td8OZfGfL8ajFpRYviMoSS0gm4M=":{"valueMac":{"type":"Buffer","data":"qIYw99zgJNGV2Mj3TxMZxNRUMqd2P6HUxSocX4nxlm8="}},"fQ2ogt9GvrSuXyJBSPbwqq6xLVJRpcbLtBwoWpS17L4=":{"valueMac":{"type":"Buffer","data":"CcYKDO1nD349x7sb5Bms76EOqi+MIpCc+vGobiOBncs="}},"fY83fI8BxjnXQPnhBIcDcJc+gPrvhuOkbtmK1NPzPAw=":{"valueMac":{"type":"Buffer","data":"mAujsdtht/u+ssHpp2kPleTFT7iY4vBHRlldw2PBdig="}},"gCxlNbIJcZxyRJegXXkRZ1yc1m3EVLTF27kNIE7aEi8=":{"valueMac":{"type":"Buffer","data":"zuQHuWEww5rbzuF7K+5totpROn/fpolytZQNDMkWDqE="}},"gHuWCRBVNrLMGbJiuhTz+eDmb+H0h7/9eyvi+FCvqS4=":{"valueMac":{"type":"Buffer","data":"oOs1+mlW5qnMo++UDU554om0d1lpnDmJvxjW/SW8WQA="}},"gLYqqJXlvXoLmY9KSe/fxZ/EnPOkhG1BOVt+DVzhoWc=":{"valueMac":{"type":"Buffer","data":"rgNJ2HRab9wkYNvLnfZE1tdzsQLj70MMnR97H8Xs/Rk="}},"gb2k/roKfwRmaouLfMyt/R09UFKgmneH7YXE1MI+JMY=":{"valueMac":{"type":"Buffer","data":"AZSlONG7LZcJu7K55QP+b5mDeQm8nZvrIR8ymx9wKrk="}},"guzVh8V+Zqtq1pc3DMqYGmUjut1bCaX+853S4PH3XMs=":{"valueMac":{"type":"Buffer","data":"aKSAORxNf7FYBKVxYTga0akhmuRw+RwgmJHcfscoCZw="}},"hDber7gVkzsPdMSTJIsiz5xCCu3WyWzXL5/q3AmpPYg=":{"valueMac":{"type":"Buffer","data":"8TqF7wN9xPbpFVKKRTopr/RmgUe3+PuDQkkAkFy4ZZ4="}},"hZJR5uXv6E3aw41G9k8X/Q62q8Ck8AYXAkBbHl8Ui5I=":{"valueMac":{"type":"Buffer","data":"yB1CtgYU/q8I0BG6HBdZG44NtQqW3yQOoHQznF+YM3M="}},"haUE1RPXHzMvSmb3D8a+ZjD8ap2I3w/Z7rFoSm3BBQU=":{"valueMac":{"type":"Buffer","data":"Q6R2c6WZlmE0a2TVIQMLdkBK0uPcLJHNLwkWwRbgJKQ="}},"hiPj3++uKcbKVRQl+FhOsTg5Mw6MA3gKZbpAMdtJr6o=":{"valueMac":{"type":"Buffer","data":"xdHxvbX2R9irZkvgR1CBLW9gKTflUq6BJioNDff8aNA="}},"hobXOjogyHA0xTimaT4eL0v0Qi+bmfZxQ2eia80c3XE=":{"valueMac":{"type":"Buffer","data":"MoefzCqLnten3bpvgRh28HkFsoVTHIHYxdSJq687Hn8="}},"hqUY7m+IHGo1rnJ3AeaWOckoMFWjKEh1IzteOB1KYi0=":{"valueMac":{"type":"Buffer","data":"an82DmdlPA5CpaPjefb6QHtd91/jenEmRwoktLjfDFs="}},"hsXGX6R2ibe0ZtMsbgI+Hx58Z1xyiFWTKzeAxsg/TV0=":{"valueMac":{"type":"Buffer","data":"sLZtT/tofm8R5rqu4gmthEsUO9INwaeICh9Zd3HW3W4="}},"hsaa+PrOZUdu0alEebL6/kGT6gJIXzVEdIx8Q5GOaIQ=":{"valueMac":{"type":"Buffer","data":"/gP7ILR7zK/RP1o5VLyu5UCK1Yc5TBU4jV8dpyDrpJE="}},"hxxZFB8rzNGV3l2zkkXCK0boze7mNPgSboFnJeAWf+8=":{"valueMac":{"type":"Buffer","data":"6pcJQm83ucYl6CylFPOGe04aBafXMHuZ8Ti2olALXpw="}},"iBv8C1ytuyDwLc51BYVeIvUvqnpbISCVzdVkGxs0u4g=":{"valueMac":{"type":"Buffer","data":"d8d9xuYXw8erLkSdKOYtwsfD6dyZNvbalYVGale7YQE="}},"iDk+AXuIWgNneWcGV5zn7BY5wsJvrsKyeCJpH5pm9gU=":{"valueMac":{"type":"Buffer","data":"GJa5EUDZQfjatttZGY4c0jpFiexugL2BXRiylV8pFSg="}},"iFKTanEYi7gH+xL8XDMk/9eJC0DAhu8a6r7o3K4W3rM=":{"valueMac":{"type":"Buffer","data":"qQtsJpVWkI/F2sPbtopAfKO9xJeMKgTJ9HzUnN1dMUE="}},"iPEC9Lww5YK+x9DFNfJjOD2CJFpB8WIDS1AgM+Ur69g=":{"valueMac":{"type":"Buffer","data":"WfMcYlxd0N2P5S892kPWti9j+7A1PrNfT5ALZ9td7lw="}},"iZVc94hbG8SH5kbYNupujbBVn3RcUi1vu9fQAHyw3lA=":{"valueMac":{"type":"Buffer","data":"qKct7BeHKHrEYjMLjUsBwxwmfRu4MW1zFbaGU3IQ7bo="}},"id333/W1CehbmrFt0bLD1ct4bI07SVTcOXr9fgQd/MI=":{"valueMac":{"type":"Buffer","data":"mKxGY2YABV/hteTHD1n8jcjv0jUmaDpI5xVD4JMBHvU="}},"is4cspY16Wj74HPAQwJ8AyToT2PxILfNqAQBCobDKgw=":{"valueMac":{"type":"Buffer","data":"VArKzK2MBJ316qQ1wAARV2iJUBkAezVwBgI3YGgiSWU="}},"iuPpB+vhj104Nlt0UjaWcOGFGgL3evMQR2dm214kldA=":{"valueMac":{"type":"Buffer","data":"uKr8fjiJanwcPIoDuXS+pBayPCSmQLPu5dSrSADIWnU="}},"iwvSPAhLcX/x0fGnZXVoiLe2Kf7BV1vfTOQsZI42tsM=":{"valueMac":{"type":"Buffer","data":"pO7QdBKaUGxbB43F2PtA1CFqLNMA9UwsHTdfcaufUGc="}},"jNUxH5apmZSIEi9/m44ozopjMMA6bbhQITVbfjmHcO4=":{"valueMac":{"type":"Buffer","data":"2Q+zN3SHdK91O1StW61qel2ZrLjLP3eWE5Y2ahKcPKY="}},"jOpXt3wt/Cr/AD8ZXfxwCyezWqKgdLDOnlbuu1YDZWQ=":{"valueMac":{"type":"Buffer","data":"x40SfqmXxiCYhLlYKSalGUtNqzldku4vuTGFqU6l7GM="}},"jrfuIHJv6t+dDeMg2H5ezgvdz4VuvzxnJ6XiaMxWcKo=":{"valueMac":{"type":"Buffer","data":"S97tOF7nDeokXj8HOjANjYykO4A9/8CG902wZSb/DoY="}},"kEIVJXxEKo2HZLAnYeyp0ErBZELWOlF2yFdMR4oigTE=":{"valueMac":{"type":"Buffer","data":"V/JP7jXADguuzjAnf9dkK2qamVIogpp7AGNEVM6zFeo="}},"ke0kdBc18/WtEw5vcEl7owHFkigkxKctdwKoviT5IM0=":{"valueMac":{"type":"Buffer","data":"nvpCFqfTuyHsaQtu2FyjFF/tTIhqVvJT9Q2CIH7WUFw="}},"kjbQjpggdJgG/DR0YjaWGVkzyzpg+H0JX3aMTyNrDak=":{"valueMac":{"type":"Buffer","data":"azgWgQxcIqvvRw0Sk7GMZxQdXEpUqgCz3owbTP215Jo="}},"k4/5nfbHqG3nPbwwR0pB/yOv04Ghddr+oSqGyLIJ6ek=":{"valueMac":{"type":"Buffer","data":"+wzciEOdm/9zRn9S1rYrYi3hVjXXhLai+E07JyJQWaY="}},"k7HyiJRtr4kY4cXxDSiWt70a6uMvJC+HcUpmVsnjB+A=":{"valueMac":{"type":"Buffer","data":"Sxvyk/TIWe30JZ5DOHMc3jygnxI9qSLhBiLVg9dp5NA="}},"lJUDBWSySQCO9L9MA8i2hMUQcp0cgdEcbhsX0xV32MQ=":{"valueMac":{"type":"Buffer","data":"+rN/cb1OZ/I1yddcDM1EdiYTEN58HkAQR2EhcPrvk50="}},"lVbJLHWjI2uJ6sAZaip8Kmy25QYVN0lpZUYMb0YBbl8=":{"valueMac":{"type":"Buffer","data":"daAUBjlV+LyrHAoDqlJQ7026rSBCPU0BK64/ELxX9Do="}},"lkHTqDypMDQkAvN+nOq3e3fCaaRQ/D905Xorfbn4hIw=":{"valueMac":{"type":"Buffer","data":"prr+jGgp1HLfKKVKyeOnT29yoB7aPel6YVmPE3oEW0A="}},"lnm1lOpKRg2BGar+9Z28ZwhoypEIPYJwe51h3h3gsDo=":{"valueMac":{"type":"Buffer","data":"l0/GGku72DgMEWrQJKWDf/shUpMZXgtEhziC/ftcxDE="}},"mLTOyuznmYvdiRLcWqG1T+VgqE3x8ZVtZFOTD9QxmCM=":{"valueMac":{"type":"Buffer","data":"YxOj+XiJ/uK0yS/J3eAU0Y50M8O6JcB6Or3IVrxCzjU="}},"mODBtFhcCV+wQ5qw8ASyS2kwJ/LhA0xefoxGxAq3OL8=":{"valueMac":{"type":"Buffer","data":"ZuYG9famsasZYwsSYoSSdqPR9q8DMRY5/30SEvpyWQU="}},"mTZOGth/iLMXUa5BMBk61orKXoltTam9lsIazay2Ces=":{"valueMac":{"type":"Buffer","data":"i5uWAqHHWaGMz2IgXvMn2H0sqOy13bT7+d/zYmKoPs4="}},"mhtve41QGV5tgtIfsk/PVbe8ZTrrWSV78XMMnjofnyI=":{"valueMac":{"type":"Buffer","data":"Yxz0fniOxluNtfHwC8sdVT3RjbR4RFTu4i42zVBqpbc="}},"mpy6ubJzy9ci0a7MwF6XP1rw1GbFB1S3D/wS1ZVBVh4=":{"valueMac":{"type":"Buffer","data":"VNOzIsXuPaes8HEkXvx5RwmnFTeq71Rx3XPfDvvsT8Y="}},"muJdvUNjGZGTJkFV2ZBQk6+A0vDLHHUTIXyPi+yvghg=":{"valueMac":{"type":"Buffer","data":"LLkQAP+X4BQdQCDgWEqqB88UBqICl0wwGQzBKNszTPo="}},"nIWecMF/sjTIch7AfJdnOrmvL0pIJcRMZko3sQvAi1s=":{"valueMac":{"type":"Buffer","data":"OYdMkIX8pSOzZpeYY+DctpbUFLP6j7gdd8+hGA6kkNI="}},"nOLjLoO50BdKcujFstD8AdoiIA2zMJg5XldjR+mthaI=":{"valueMac":{"type":"Buffer","data":"4r9W5NYgiZLHdVwdKyoCsFCei28I1u6E9QJaGGzigQg="}},"na4YOGrhi9fKFne1Q6d+oM+Cxfjdqck11LnXf/B/Spg=":{"valueMac":{"type":"Buffer","data":"d84yWi8sMjWDHBLyc9z9PFkzAIAwtbOafdvRRrvl0jA="}},"nkocq34CNt8hOIwlepRksZE+6vS7sFVe61uBYB130ZA=":{"valueMac":{"type":"Buffer","data":"Zyz3Zixf8FNvkW2EizHDX9cLtb1ZE3ZJXMGA2P8EV/I="}},"ntCjohYIdWtIkcrytPh0z1ImVpYYrPKsiVFHw3733qg=":{"valueMac":{"type":"Buffer","data":"nCdT7YlNVmswxQzDP5jkFLlVqoQdSotuajSwN5BSng8="}},"n0763n+g7JdqWmJRowNnC2R7TwGYW1vOMshIzac4PVc=":{"valueMac":{"type":"Buffer","data":"uuPa61ZgjsHpKTt4RFEcB6UbVVw4kKf3nVTc9htYgjY="}},"n/GG01kFRMFGXYmgeWlWfxtwb9oo+cExLNuCzQGU9Lw=":{"valueMac":{"type":"Buffer","data":"SsTby4ZvEz7ZHgC91A7jY9xWkhyo80zUjklBTCf+x+o="}},"oJUIoruiblFi0JqtTVMhNKvDSH2hd2vVCl5pRqaQGdE=":{"valueMac":{"type":"Buffer","data":"6Z/e7DqG62w6SRsEZkIBb8KcdC+Wne3bjmHGba+SWC0="}},"ojS3H5A2eToq4zLnBdG14SPjD6iQbvOg+r1Vuow5qQ4=":{"valueMac":{"type":"Buffer","data":"KvSN/GfGFVvUjbaKFAPrN/ri0PxEYTxmsub2MlLaxLg="}},"oy4KDsoM/0WE/By9cfUj07dR+vOs3LdiEFq4fMZg5V8=":{"valueMac":{"type":"Buffer","data":"nZNdOzmRxmCVI8HzniU4lQ4ZH1pfFWfXXmS5/c+DmT4="}},"oz8hC90vojRGIlS4HZNDHsmiH+eV1PF2SLqjxxO+1yU=":{"valueMac":{"type":"Buffer","data":"elHKQVcN0FaIgG+rLmearMVAbnxUStSM7sVCvn1aHto="}},"pJLoR/oaf3L92ZvdX2aoPG+kXVMB+0g2orYZ55X4cIQ=":{"valueMac":{"type":"Buffer","data":"kpVB9NzK3x6OGufamQtN38lBN+xh6tov12BCLsj8PI4="}},"pM71zn153KErTMbrz2xaxbbsGVAbKewdcNFHDJGHZos=":{"valueMac":{"type":"Buffer","data":"Gl+Cnxt2wFu/J4pZ0IgGRmoDgglkuh/qEA4xFILp75c="}},"pcC17/OoN7RDDWDzgzZN65rkxp+p/LEEkXbJEu0VvN8=":{"valueMac":{"type":"Buffer","data":"LpZ8R5XCz81SyTth++sj1Yswz6D9N9aLWzEaNzhcKQU="}},"pfKobtiBeD+WDqoUUE1lma9x3vEKVegTPJrQuO5SRk4=":{"valueMac":{"type":"Buffer","data":"oRXxOUhUgUGndRNo/o1ZO9dJ2tXUtIRWq14Ubp4Bey4="}},"ph6GNpvm+Y3cLoMcLPChB5gvyDN+rYvCUQzvlfoN1mc=":{"valueMac":{"type":"Buffer","data":"Cun5ZS9n0fWYLUOTgyIG0Vww8Pgf+ST9u1J+qRbeyb4="}},"pjFA8g+yaPs/4q1y8tXyvcFHe502k8fRsBSoTYeRlaE=":{"valueMac":{"type":"Buffer","data":"rekO3ED0p0491pUGAwm/KQIV34763d4EG2l/pvUXU4E="}},"qurbJCuOq0wI19/aCBfxfs5c1cs6CbtCQmNwor2IYH0=":{"valueMac":{"type":"Buffer","data":"gsER0lvf/8712oAc3BpwGmDfFDtzcQ0kacuIxl21p9A="}},"rGDBHrWi/fJQgOjxiJ9X+8yXMzE8+AWyBFidjdB1aX0=":{"valueMac":{"type":"Buffer","data":"azwaRqMMQnkIQ4ShMb76kjIQhiT8OV0BG2Urw0+1SNc="}},"rQrm/YbyzcMXXPG+62mAqQQUpiGFZOJnbSrSQHkS0Lc=":{"valueMac":{"type":"Buffer","data":"p5oPHMuaqGMEvRga+rqBnyuV3nnf0nOo1WBZo5g75EU="}},"rR1FMPx+BIUH07yc1uCYdgSFOFG6+tNu7KbN7KfiaB0=":{"valueMac":{"type":"Buffer","data":"lTGglhQpQiS/jxQoIYsCy8cSNzvC1d8fZjn8XidbfwU="}},"rkmrV87NXEtK3mESfXtyWDF/PJJ29Cq6qLLNqo37pPg=":{"valueMac":{"type":"Buffer","data":"CBP22FAN2prB5NqLCHdicn5xkLdcqGw3qEkPpfunezI="}},"r1inDDY5TbxfdRniZBZZ5gr2Bz/IV25VBnlkgOanM8M=":{"valueMac":{"type":"Buffer","data":"K+pDBqSi5qGqrF5xSceBK588IvbwzNjW8aswcJ67Y9M="}},"r3rHZ/DJ2SSs9ADnfLKBsOHVPQ+TwPKiy/TtgYXE8dY=":{"valueMac":{"type":"Buffer","data":"z/G5XgEpdg+ZIY7ZgyNA6aiA/V10haXvjzJYJjG+VFU="}},"sBdluvRQ7HFcDokzdx54UatKbSPau5XEjpEtFzKptmA=":{"valueMac":{"type":"Buffer","data":"i9VWBjgLMfa0kuym3MlGo7ZmRns1dA0tPeULS19MJxc="}},"sEe0FLMNbNTq2DB3qVDqWRhf1m/Eo6GNgYTWH8yySWY=":{"valueMac":{"type":"Buffer","data":"kYCtMdR6z38hCiq4yRIJUMjwBpRjCbJ/s39pfMJTCuU="}},"sXHpe4PmI4iCn6vLom6GY0oNn8SM6Ol1fjKT44yhvdA=":{"valueMac":{"type":"Buffer","data":"+DOXv9dQVQd1xHgxCw4JxBWqR71CKgDxwHRGAusjois="}},"sq8Q+dahCz2IRoRS7k7kwxbfVi4v8uC0PsfylGGT6q0=":{"valueMac":{"type":"Buffer","data":"Mhbx89G857ZyuSTnLhOaqenftpKlYOUy89JCCGEZIvY="}},"stVAvJEvG0QJMnD/lV72teom2qESfhCZaaJETmPHi5g=":{"valueMac":{"type":"Buffer","data":"sDgTtj/59xQbieykLe3XR81AITipsfmRrV2WkcNxVT4="}},"tBtjukLXOeWpE3KnmoSI2bwMXBXt9Fsl3Fkjjy0zIVY=":{"valueMac":{"type":"Buffer","data":"CWBmnjkHjoXedq+1EgeAa7BZanTZfp90f4qVdAjancM="}},"tF1AHEWKKLuVh7up6p5r8dhwLPJQneeXqhFVBWCaCQk=":{"valueMac":{"type":"Buffer","data":"//FnqVBJm4lrWYs4BQ7+UZeK+6xzK0p7ADRpVBGA5B8="}},"tM0ETYhAiG0pr5LAh3iIc7O9VdfmoAtmWoJmZUSMxk4=":{"valueMac":{"type":"Buffer","data":"40PCoAYtqOncJvWifDr/3UqK7bCWj4F9TrJJSpZgfR4="}},"te9eKYT6QBoAOryGyeyHW03hW21CqFdgcr7cIzKh03E=":{"valueMac":{"type":"Buffer","data":"mjHucUYl0H44BZARw2tZ4nPC44QP/ztqXdNNxFaJvpo="}},"t+sOST4AK9jUIBgoqybqtuhzIcqDSCXIFxvQFIQcrBQ=":{"valueMac":{"type":"Buffer","data":"oHlfpk4bMZ7VY7xi6cC52DrVquZ/cbgjWHmFnc2jJK8="}},"uUelYjPypFde2Aukbqn5CLKbisDKwpFwXPRJnDMkHxo=":{"valueMac":{"type":"Buffer","data":"BbCTmCV70Ux50PUwxuP0kXT20aDSa4orgJGrgBPgyFg="}},"uYJMsVYPmU3HPY08t9mmvcbMk0MgbLkXlNgwhZCaDwM=":{"valueMac":{"type":"Buffer","data":"JoIye2nP44Rsmy4DPxSgp0dABkUlNEfnwhQe7YqVXj4="}},"vGBFeta5x9Gq0TC50oGQbqzFa3gS1zJIhK4KFug53oE=":{"valueMac":{"type":"Buffer","data":"9+tYMDPOZiPuDTYEybn8xxyXlPIHMkE6akhNhfywR/Y="}},"vRJP6jfokhgBN4Cx1HNcMAJzpq0kdrQcpRw9GygpidI=":{"valueMac":{"type":"Buffer","data":"uQ4toSWsO0d3kiymQHPLvgFKogIcPu6kZDe/ow2wjWo="}},"vZHtO86ahC2Rfki07r5KyHF7ik13WVTeNP+HLn0U24A=":{"valueMac":{"type":"Buffer","data":"2JsB/hkCMzFZDHY1+5kC0Hbo4/w8PZKlJt2HYNc34f4="}},"vmOsLYBB80FvTAIKE84+qsCUkPxhkMeRAxXFhGL82Zk=":{"valueMac":{"type":"Buffer","data":"CyqPOyZlnH0HpLR2Xvy0oRqxKBhzY3nTW4kuw16eDmM="}},"vozHCkY0/U3zaaTyYByZMGSn2IUMflNMvGS20i03DGY=":{"valueMac":{"type":"Buffer","data":"pKuaJM2HHEtbcqC0NQGNg2825dHpm5FCathd8Py3YSg="}},"wTL6iXlD07lO6YTUPulr7DidyZJKZVHeT9/wFn0eErk=":{"valueMac":{"type":"Buffer","data":"2S8n9323/J0JqBQ0q65DWKw3wdhQCpSOIavjptgG3N0="}},"wcxRWHBTPI42jyjGeahCMm+aGE4JEBBAYn/RXk1UquU=":{"valueMac":{"type":"Buffer","data":"0ZJ24+bG10LGDylu0dBMtagZZrdbWD/lbg89QBsh1j0="}},"wkIw6xRvw3HHP+G8nrjfsisIkrWgn5IjY2Zr7y9ak8Q=":{"valueMac":{"type":"Buffer","data":"vmH7dzgWQ4sYRu0gapfM+zxQJEmtWw6/qyv1oOOGNPs="}},"wnnQPsanEGNPUL58+u6CntaGn1fqqxz7/Fd2Jj2ZdVg=":{"valueMac":{"type":"Buffer","data":"jdIaTk5my3RLBV0rcXhotRbCn7HqhI7VyNzoPUeu6j0="}},"wxbbQ8PS1y+l8jcAy9khoTX/CNdKBXWMnq9yn80UTpw=":{"valueMac":{"type":"Buffer","data":"KkqZNUhjdV77+5Ugti/9xbRrCkafQAyFuh/0fteURh4="}},"w9oB38U6W2WG8NMFUgHlJ8A9cABYJ+d0/z04ELI9yCQ=":{"valueMac":{"type":"Buffer","data":"vXmbldkIJiC+mRa3s1Vkl6IZ9s2rwE8GPJmZWM0r1pg="}},"w92hYfIhfh44SqsZbx+4FpTSuAdHJx07TluQIcqtANw=":{"valueMac":{"type":"Buffer","data":"xmb2SpiDX18uyLP5XrXBoFI1GU7wmfjCtPvMlpWYBU4="}},"xF1e+/ZV4lwZWlkpVJJ7nyigjemDHQNqkNevGMuD0ts=":{"valueMac":{"type":"Buffer","data":"UiZLYCMXaMpBTKKxHrDIBMSblrSLdpdra3rplkhi5co="}},"xNqF2/fr5Y0YVXNigGYvcwcMrpJWRJ0gxFuOOHsh1mk=":{"valueMac":{"type":"Buffer","data":"PASwbMNJjXFFYF1dpbKBwJs+yxpGkpnhw2WIZGj0sCs="}},"xr+IZKF9hs8isxdIFzK4Rh1ZF8IZR6UAk/7eCOKjOHY=":{"valueMac":{"type":"Buffer","data":"dXZA6d/vlZznCOocLrQJORw43LVSP1yIYPMFbeYUfu8="}},"xvO8kY/VJ1Vv61kkQxbqgkSSxSEJtp2f4FUgKDmbhNQ=":{"valueMac":{"type":"Buffer","data":"ZgOvVP0U8H6hsYAcM2IK13IFTe9e7+fvxf/BQW5W1tA="}},"x+DFEn5cv0Ojm+ddDgfURk5mTu4+suzbQ/0DzoVT9WU=":{"valueMac":{"type":"Buffer","data":"DN8QRedU6aXb6fRYlte6rv7aU8DBbp9+QZpkEqGdogQ="}},"yXjDaH9oyGRP+3uteanoU7ahJ4WyxPebZVoHM1CBBXw=":{"valueMac":{"type":"Buffer","data":"SAx5IUsk1w38VQB8B5r+ntCdnhWzw99Ww3d/cw4zUaQ="}},"yZIaZmB18JuGFGDvDCStxzAeouIirLiQib9+8Zm+reI=":{"valueMac":{"type":"Buffer","data":"BYZUxsuRd2bZjf3yHpW+Qd23dRNcRS1zx4SICTwKS6o="}},"yqV66mp1d45csmR1AoJc6Gys/KUrQgeoAF9dJy0T/G0=":{"valueMac":{"type":"Buffer","data":"r5X2ALUwRmUj1eVArsLRM/IH6YZTNZdZtM44FRCpdkM="}},"yrr1/Sg+iE+n8Y3c45YaOOXtRz6KFM3GXQp52MP9zc8=":{"valueMac":{"type":"Buffer","data":"N7bWyBghYf854JgBlIU7Jw6x8kNJssk1Wwm4AO3WUHQ="}},"yyhRy0cVvvwa3tew/y6BHGdlU+Lqwq+ZyhuVP6oUZIw=":{"valueMac":{"type":"Buffer","data":"EUDF1lLjxKILruev7fZx5h3xFsEgEAFDk0qdrHvcWS8="}},"zUW8cAX5qmuHPhKBqdYj/PTDQg+1nTZCRuz4/rysLAU=":{"valueMac":{"type":"Buffer","data":"MsNYFURARzuftBAHiLXmaJ+yXSToAQeYERenN1rDpCo="}},"zYPhfcJXX5QJv44xUxk8cqU1RQvXNa/199P0LjDs+NU=":{"valueMac":{"type":"Buffer","data":"B/qB/c4z/MvQmM8ivP96eEwcQan7ojAM9gVedUziWmg="}},"zaTkxYIbvTvWx4nPOVnw3RfyMTTOTu6WHAStTKYTRcc=":{"valueMac":{"type":"Buffer","data":"vAAcSJiPAtRLx260iiKxMOGW7+HBW7AxkR9JZz3HnJU="}},"ziU3TwV9EdCM1waELo2kUENOw37EVETb4DN+Gq/d754=":{"valueMac":{"type":"Buffer","data":"ziXsRfOkbbnGzP1HeoqfHQ8Wjzac4QStC9M09rEi7u0="}},"zn92tbXuHhkrtyKzHIu6VO4vkwzqct82dCUulyp3tlA=":{"valueMac":{"type":"Buffer","data":"FotAoHKMsQx8uEVpQMWvyFZ7IOvrNS5q83ZaCVoeZmQ="}},"zrNIYCCVrg2RgGDr0bpsSomv2c20JbXSHJoGnJRDA6Q=":{"valueMac":{"type":"Buffer","data":"nBytJQHWDBMUicya5LvaG8ay3uyDBE12QUmoXY4/oak="}},"z2fIYAe+7a8dwqn3otgX0PP6XeRKEerLf2HgorbnVkY=":{"valueMac":{"type":"Buffer","data":"FWd92myG7b0V38FzXFncE+Ap2TEydXOiwSPWfj9Eha4="}},"0ZXXOthiaXm+tUUEaCJ6XZNrCMlul6KxzQRV8U3GTxA=":{"valueMac":{"type":"Buffer","data":"IS4Ek9tzU8MbuBc6lRE+wEqrLCmJ/vmxICoz+1dXadI="}},"0u5WwZ/c4lozA3DMfe/txWXS3FB7zWn2JnUFzxa5Xno=":{"valueMac":{"type":"Buffer","data":"FkmXUexK6+YZU8GHkdBZ3JcX+GmbaBE0OU0kDPhbWFo="}},"000t1w52EPe5q+umsOWUs52AVAO9/rhBsj6pfNV0r/c=":{"valueMac":{"type":"Buffer","data":"AR+ZLNncvILGn3S34KEo0f2xe7M3iMxMTwmdAVRR6EI="}},"1GvOdE6/t/DzaoMqcwWipBWxSYJpzScdGO9xOEYKsAU=":{"valueMac":{"type":"Buffer","data":"GHBRFr5vwhgESzCkoC2smh75FhJN9zO2c0pe1j1Itug="}},"1HZODpJaGC2uFTZt473adpa45u+01r5PSKksD0mMBxI=":{"valueMac":{"type":"Buffer","data":"rWhUFTg0Ts//PlGxuEU+8MhMi6lejrWABnAqbjggHuc="}},"1O1gCfmjgxVDtRie4bpHWHxrPG0s32dIBTaoUt6bTpE=":{"valueMac":{"type":"Buffer","data":"9MoHUbWPB2Xfbt1FZ2pL+A3g4IPTbMPvs6TQ9bOUQzk="}},"1bX/zQTe6mMkVd9kNgznGH8nV+PXdEo4pLZEO3QQy1Y=":{"valueMac":{"type":"Buffer","data":"uRnjayllAiUoGGDoxkTJ7IHPcNPReSNZ4euWMaS/1ck="}},"1ppNwFpE2ybJPcXUgqT5NQEabex8PJC8+lkoLH7jGVg=":{"valueMac":{"type":"Buffer","data":"7oiumyMKxc1GjS4d0EChS/LKJ31sqpaP3NAVbX0XDVU="}},"1xnSPCJkaRyT78ttzorhwuzk3TmAgw9Dbqol5AKv7tI=":{"valueMac":{"type":"Buffer","data":"tZYymMWoSW5hPcGvo2KFzdn5YK01WHMj6L149OAI6ic="}},"2MYfxQWh1FDK44WMzKD5ZiHcd3bfRvMd7gjDNQUN+Lw=":{"valueMac":{"type":"Buffer","data":"ytQqI0zNtFhDbYBl9GA4jNBiiwheXfSvX35Zb5WuiHo="}},"2N2IzERQcPVg7uVzQ33drZ05XEVu7YiBMT/sThMX4WY=":{"valueMac":{"type":"Buffer","data":"sd1aKhWBZvccBb/0lxCnweIhnX4YfmsD2fQL/Aapr2Q="}},"3CpNMWhPFcZr1Ec6O2xZ0s1AtaX/cREFH9KD6XUC77U=":{"valueMac":{"type":"Buffer","data":"/BL57s4iyxS0lYz96rh/MyZBqo8EPSnTaUe02dd9fMw="}},"3UXRrTSAQSAdCTRpBDTJN6u63FmKDeUMO8azhcz9VTk=":{"valueMac":{"type":"Buffer","data":"K/w13bvTXvZe8swGyac/xJlGbSyxh2XKHpQxK74ctQ0="}},"3kd+q0GSA+NcqR+dy8OdDOfdBQZ2O1dDYU5xWwF+mJI=":{"valueMac":{"type":"Buffer","data":"FjPghfXgkcaPiGp27tXJUN8sqaIQeLoAJRq4oYh1nB4="}},"3riL684k7zpoQPKJ3QOBAv/VMcBDSytFYhn4ymfP0E8=":{"valueMac":{"type":"Buffer","data":"y4NBiqZEvpGDYbGfn+xLMrKl95rn1MoB0KfvjCPGBwg="}},"393jhWFdp7CFJaNjBmdCiWg1I/CZtwLKmeEc1gKHciQ=":{"valueMac":{"type":"Buffer","data":"vBg7yXjLxtTgBlR7ZAwG8pG/Ubjw4G0j7UE+3NRV0PU="}},"4DSwRBMYePyPrcPlXwQyhXrMtWYsq1XhYoklgZ0dcWE=":{"valueMac":{"type":"Buffer","data":"AjV4pNVyIG0fXICnfb4yGGcz36zZivqhOXGMGQW3N6o="}},"4KwgxQv152pr0PtNzlNxYRxy5B86IXNf/Wa/wtmdyUE=":{"valueMac":{"type":"Buffer","data":"Ri3yx8/3fqNxFpoPFWAClYvEd4I2ypF4ai91bQkE2mw="}},"4tyW8ILQrgs5k2ASX9i1MPgCfCMtfLl66u2T9WAY/N8=":{"valueMac":{"type":"Buffer","data":"EkX5cPMl3wWG+jIZAV9n137uXmseb4sU5kBw/jnU9VE="}},"4xU5LJRTka8lBRBnTS3kGV7/F8rMe/wqBi2FoFdPGWE=":{"valueMac":{"type":"Buffer","data":"tJsF2t6jUWBohrz2ZyBuf/sWumxB71xKD2SgpyY/GY0="}},"4xuI1D2bjfUOwKdEFEBwA3A7EGPRhxbhtGiwCP7Q4tY=":{"valueMac":{"type":"Buffer","data":"ndlRg31YUT8S46v38KNS1mo/JhM0wfke0okJc6E5NBg="}},"45VZqtcGuzicOzKKgvgT7S0q0N3h+7IZ/4JIzn2wX5w=":{"valueMac":{"type":"Buffer","data":"UKs36CC+EWTP2BXVls8fQK26+BX9k6khrdkssZJshXw="}},"4+1m4qP1as2653qjqyrn/TFlUFxfAVSSbHTUTxiAA/8=":{"valueMac":{"type":"Buffer","data":"boQOEDFiaE+ODtpwlbbtvQRFjgk4lebtyQEg/XP4cnQ="}},"4/kNNCS5N81gydFbEdNHKCcEEakiEEVp/JDq2yze48U=":{"valueMac":{"type":"Buffer","data":"7ZfXUYlk0G13wJaRmouWlke3QmYJVTVFdPkObM0uYWI="}},"5BQfXYSMW3Kd7gOevsxg+ZS8o08BHjJBkkNJf/BbbMw=":{"valueMac":{"type":"Buffer","data":"R65ebMulgIh8QKNyTJeb8DvG8LDOp1pDJGtDDAE9h4Q="}},"5GJmH7Sk26x0CsOs/vnqCZhucMKcgWsgreHXDP480Xg=":{"valueMac":{"type":"Buffer","data":"3p0jj+wwSxWEQfL3fpoEgXmeBfXBBecPiFmuwsjsJGs="}},"5gxpuaMdcLVspIL2czuhoL3UZaDb30yw2MivhQ77F/w=":{"valueMac":{"type":"Buffer","data":"0PMZVGBmoSEZfmUXXO156+sSnPy6hKhPriEcZ8jKTBw="}},"6GhpJHiKQDCVmnnC+djWEHVWf9YGGKUV6XtsKtrlIJA=":{"valueMac":{"type":"Buffer","data":"1BN7+v9aL+pr9NZ+FSXgQxNVQz5HN8inwwK62rI/Q3g="}},"6JmF25iqr1a736jsWNLDiesAnOKJlPrvUR1GiBKlJWg=":{"valueMac":{"type":"Buffer","data":"laV8RYOC0xsa02BXNveWd262SajlxSm/12YWjI4uYmY="}},"6R+fA+6ETVQ47FqXFsCGfHTNUYndrebXU4dNQyhBCW0=":{"valueMac":{"type":"Buffer","data":"zd4kZLP7xEAhFXHrZS7WkGGRBczuDSQgbRDuQqhrp4c="}},"6bERs95FI78y6aIHX4tb4mhRkVoiGcQjjHb2OG4xtTU=":{"valueMac":{"type":"Buffer","data":"JX1k7MAO6qTu2cMW0EQT9FOi9raPnB5HJKahNVbEeoA="}},"6sh48CAoGQOOtZ452fo5uIyi5uqt2jPiiDPIbPqEpz8=":{"valueMac":{"type":"Buffer","data":"Fvn432WuVPXdtUbiqOfcr/iwct2MWKxEuNFDtf7AtQA="}},"6s43QPL72dc/SI6hq5+3Gfo+LFU4rpVi5+G2Mm65PYo=":{"valueMac":{"type":"Buffer","data":"1kvfew8rbK6iy7agU/aSlXkdTUIHNIIE+nuo+UyBnfw="}},"7k3aS079lBy5T3op4sUNsRiQgmubOBvbj4eb5p/AU64=":{"valueMac":{"type":"Buffer","data":"3jghNQFeSmCkiVRm9rL+jo6BwlahMzulCXds8IzLatk="}},"763taw4FbmMIAyeC+J7HkN0ca3iOK5mtsTsZBuQFKUE=":{"valueMac":{"type":"Buffer","data":"ijHxrIlk/sIT3hVIKeg+rH3KfjuYGAwA+srluaK+R0o="}},"7/BVO56jgY88EdklnkJP1Kz5/J8IEd3rlj2fzdZboVw=":{"valueMac":{"type":"Buffer","data":"iCHUBeyxL9cDApbW3lWsBeAMjeVR7284qQDdWgP8gQU="}},"8B+moiOiIfBzvWUnQ4bCWL1aYtojLSzhn1EtygV59Qk=":{"valueMac":{"type":"Buffer","data":"QAkJKqcpK5lFWdC/GE6bdi8MTcKu7O3EloovPcH++cM="}},"8N4VX0n5TMMrZWtvw3L7BOJ7u8DqXrseLgqzKutjFQg=":{"valueMac":{"type":"Buffer","data":"cRhHaZH2BjiEaJHszdDAxP9wsoWa9d3FVlRKmjFwH7k="}},"8jBbfvGMCKnKKJ+eJoUvnSBeWsEQAHgFUPRQIYOCHHU=":{"valueMac":{"type":"Buffer","data":"dNupF5eFBctaqeygp3wEeC9AEwJiaRuR/Gh7r6LpvoI="}},"8xV9XkHtlKbhsWVkt9Z6IgYfBIsHowoihyJMSz/bc2g=":{"valueMac":{"type":"Buffer","data":"RHelfgqtvZcKqdR5uwKqR/LVJqMrXfhcMmejsRdehEE="}},"87x5jhidw1YrEqiRkRsQ+0Spx0BejaYclXg/VASbgrI=":{"valueMac":{"type":"Buffer","data":"cv+Q4e/UgExKZFVbiCFrOIhIMYD4D6s/jnQ4vF2JkFI="}},"9GkJj+/DoYJriBcZnTP0p8Vjxr0DzBAbN7QZ8kNga2I=":{"valueMac":{"type":"Buffer","data":"xriCZYTeB/l+c6a/AFHY29uPwDib6vlaJgVsqRtNQxQ="}},"9V/0H6c6INOn4UF89B8UjkB1uv0yQrly/79Fr5EkDTg=":{"valueMac":{"type":"Buffer","data":"p1gAF5d+3TpyCbQznuAptd+/hwAkZx991MdAJIF4HeY="}},"9p1wlF4V3hrFj6bF59D1Z5/ORRe7lwwW1a2+vMnwPOs=":{"valueMac":{"type":"Buffer","data":"xgc/6x+xpBSx8XsN8iXdUJuzQ4y1zeQoNNU98BWesJU="}},"91X6BbT/3uem1EBK4TSAgCy3Lt5os8TvUp7Dvk5YA4s=":{"valueMac":{"type":"Buffer","data":"yEVJO/pnxXRydblLVocPtJRBLF3jlRRau0qacJSHy/0="}},"+BSEhQG7X1zR8cZiSge+Serb8hO3XunmDJ9c+Iy4VPw=":{"valueMac":{"type":"Buffer","data":"tFdrfZflRbMtobaJLKIhJsD/nb+NT2vRpI26+4Le72Q="}},"+EFtKBfBbxr/8xNNS3gPzse6GJduKtgPLznP6vKe1wY=":{"valueMac":{"type":"Buffer","data":"M3vNkz3McWuVjNCQM9/1Tthx5r8OB5q/zagvMV9l7oc="}},"+LbfdQ/C7rTHyv77CVoFAbtMOJabmZCNmcXB1yBV6aM=":{"valueMac":{"type":"Buffer","data":"EKYqjGkwa1c3beeAHVGApIep8wxb0av9t0Ja8+ooU44="}},"+VX3q8+ORh2K8Qa3TvyJXbuv20EoCQnFPiQ2w188DJ4=":{"valueMac":{"type":"Buffer","data":"n1mAhdRe7myROJb6eSxc/t1IRAumTp64u1bVAB/c9n4="}},"+bR8vNUMeCx9UB/DKmJroUI4uSj84rhIdqj9PgWe5os=":{"valueMac":{"type":"Buffer","data":"7rxnYh1ITOgMk8WHDoeComGntfM+Y5FHGiloS2bPEeU="}},"+nixqS2IZK7z3kDkCJe+w/t+NQX5e2zm7J3KPbprbQw=":{"valueMac":{"type":"Buffer","data":"rAJAuYMYZjXfI9niFS/ROZ6RU8rWgdE67K4+pZrPdhw="}},"+tmUJM1hTO6Yf1sq8ocCdDIcoviY7jy3YbXoTUpITFk=":{"valueMac":{"type":"Buffer","data":"TzMsVhZRd/vsbINq8s8iuY8ClunboTDTTXlrNnJ0/hw="}},"+zY21zHArQfkzkGC7NknEvvLXi6wJE5TgluN+4cSHTY=":{"valueMac":{"type":"Buffer","data":"4iNWht5jaeGNDLlfImwBgkEQYU+lNRuPMxshc7rKYZI="}},"+8iGeel0/WUu8hm+iL139Th9Cceri6Uaj7tuiFn4JoM=":{"valueMac":{"type":"Buffer","data":"kpNMKwRxUGz8/D32Kzgfc1nXueUP2+3hprjwE9lCEBI="}},"/BUqpZmszQCs0tEBnt1FAX19FszzIDXNfLHOOrf9HqU=":{"valueMac":{"type":"Buffer","data":"1IXkT7Ox1KBpgCZ9tThOzk5g61Ydse0aM62qf1SvnC4="}},"/JcwUVktJphDQJkBsE+Sv9cp63re1W1hCH60HqfpIaY=":{"valueMac":{"type":"Buffer","data":"4++uy5FC+WL3HATXTksbld2HXVXybcPRXquJhivPioI="}},"/TbVJmzwfc4eEnwvZe02QeWLsyl2Px2pGvMCKhiPI74=":{"valueMac":{"type":"Buffer","data":"ac/EHkR+jjV+eHyr65WoPYcp6Vkuxsi26dAUfmv0D+A="}},"/VM3/p082HHocJate30ICzdQWjtdF51L32WTSNQHKPE=":{"valueMac":{"type":"Buffer","data":"+Mrn5OlZv/Q30oC+X2jA2FixmUVJkUazGOgFU5YAAJA="}},"/p8CzTLiS9lq1g0HdbUiq18FV9dvqf55dnZ6rDGXIIE=":{"valueMac":{"type":"Buffer","data":"Av6lYr0h2TA03vPaqXUgyaSS3HzZnGfjnAL/UKNY9qM="}},"/753hsm4d3c+CKjU6P8lUXkGsOZVENaRL8mrGl0cc/Q=":{"valueMac":{"type":"Buffer","data":"YOywDhTBwuNbLwbkFB82QvZVynViT7fETzbAVp2GKqM="}},"/8hCegd91YAUU0+X7a7OwcS3POlQItJEU90ikyS4wdg=":{"valueMac":{"type":"Buffer","data":"pJMSAobrrtpnR/7XXfyMoYz7Rb0XdJgkmGalD0ClBUI="}},"/+1N1ztLdS6hF34oOs5PvejJ19c6jo0IQ4NFJbAMSoI=":{"valueMac":{"type":"Buffer","data":"LHci9/bZkDT0nLqGCNT6fMwG3T8hJWzfOUXEo0Lq+Jk="}},"+klRY2KKWgnbapFMaZ9swSl/EgC23THYYiS0wip1piA=":{"valueMac":{"type":"Buffer","data":"911Ppx6FbcHoVCAH1w+R3HWld6hcSXQupKnxQ9kvP6I="}},"0vjCuqohPLvH3MO3wN90GGJyouJahj7qUB/BYnoTlYY=":{"valueMac":{"type":"Buffer","data":"dPe0b/pmF+/cRkC5qBhOPC9UlnnuXJDGPEX/ZTLBYaI="}},"E7TxYyGedAl7AiMC6/tPfFQ5DWhU6bHmCI4hSZqfRQw=":{"valueMac":{"type":"Buffer","data":"32cxVdunAGK06AZYwnB0IPbVuUEzQEUtKxni3HWbqY4="}},"qgSQ9ddalXP7esRnWapCpsHiptMlcp4hnGqEz1kf2KM=":{"valueMac":{"type":"Buffer","data":"J6jaCcuxSN3Phv7itMkKixceKzruwfJaKuI6gaO+fNY="}},"MBzZ2tmqECnR8zk1IyYqwgJg3VYk5WQcIwkS5DWpJ48=":{"valueMac":{"type":"Buffer","data":"5ruZKAz3owhFx/kxyYK8Tk9izwqtA35L6oFRYEemyxo="}},"ASc62fRBW/vneNpHYB6QmyvA1626qI0FdK8s1eFYXgE=":{"valueMac":{"type":"Buffer","data":"vlH8fn4gc96YkGvEGmGrzEhEs3gI8nakoqTV2UNWoHQ="}}}}