{"version":4,"hash":{"type":"Buffer","data":"H4qN+LbPjX5yehHGprdlD8za4jg4QhEnvY5rxw7mS/Rpfg/gg2115dzsWmHVyKwQXuJ1FF0xo6rJ5x0ScY/XE/kmMwLsfitCWvAtqAUT4DevkSN01k3G48lxAYFauTa/3BQVRoLkQSGe9fGhXRQRnZbBoiyqmZUlI7cptet3FcA="},"indexValueMap":{"BB559kw3qXPSCG6dF7dfSvDjHYWoqc32xy+xNiYmrbY=":{"valueMac":{"type":"Buffer","data":"RQlkMWuS4Zfc5OL5a/p3ZnMF9q+vSo9yP7EOgGG/iu0="}},"BCN/ltwIDGAyPMj0Uh90IE8Q2KLo0bFRlb8SpOK9seE=":{"valueMac":{"type":"Buffer","data":"2i7/3fgMPKGWxk8xWEVufMWMqJdW5ZZYR+v7nVMBuko="}},"BIBnGsLGL04/cJTq3+fOecbZgUGnd0AWup7Rmjuh7ls=":{"valueMac":{"type":"Buffer","data":"eoXQz6oIz5e1xb6JHau5+ur1JLwPdCjrPISBT1lWI0I="}},"Bb/MQbkq7OKwwxLdIYlrT2xZFcRZKmcOUW0lEnrGIyY=":{"valueMac":{"type":"Buffer","data":"6YT3dhDjRUPPuPfZEKres+LHQ9updRGtxe3gGr/1rqY="}},"BnVbcsgeZ0Y+sQ+Zy1Y+nocDa1GB/X++B03MRHWM9Yg=":{"valueMac":{"type":"Buffer","data":"fLt++HA2zOLBliPyWu60THFGWExtnPgmWZ6EquudIIk="}},"B7kuie2iFrUUulgQ3WR/qKML5+TEUXxBV+j68rCfAmI=":{"valueMac":{"type":"Buffer","data":"G1a66v8uDDmg4YNy7ApK4INbmUDsdMHUyp3qW01u9lc="}},"CL46xE1mIqlVUwJIY/H8i3yZ4HgD1ES6gQCko4mXx2c=":{"valueMac":{"type":"Buffer","data":"x6SnzIX9mNmhLIrn3G6eTQ8x1jJn6l5V2x7rLxs23Vw="}},"CXhwXHnQ6XSK+2yjw5V+RXUgDHrR1Y7ay/oNt9I+nSI=":{"valueMac":{"type":"Buffer","data":"bjh9dkYE551K6uK6X3HTcoS/6S2UQUocUZ7ofEVxqeI="}},"Ca81bYp9/QsAOzWb4g116aqj8pjZ2bIdfCDJtU6jeaY=":{"valueMac":{"type":"Buffer","data":"AgLfRnnuKKg8N+ASVhBNud5/37LkpakcxNWXpGMiKM8="}},"CgL7JCI90dVqkHaDbZVVmiL+8c0KjpAfnCXZiE6gWnE=":{"valueMac":{"type":"Buffer","data":"PX5HB0CK5adUhjqXwDMLtMHLw0bU9/m6IWKjsVUR/tM="}},"Cjl++kQG7cFdZ63atvPemn1oYHpVKccXuMpDS/VSfQc=":{"valueMac":{"type":"Buffer","data":"scOvkEhDrQD6JTgMwv+tRhnp2lW346RQ8HWlUAHOr58="}},"DF5oVsomFwFtaaM1P9e5FxHODb0zO2xuO/mn/z2TzXQ=":{"valueMac":{"type":"Buffer","data":"2AGaK6GnmEXQ6XiSXFVMkTHCbTU3mrK3y39DK5dcpqs="}},"E0Q9dWNzBflxqkGXoRm9b5bjdgdAFGzNO5CsDpAVKeo=":{"valueMac":{"type":"Buffer","data":"kpJSFSzGGTCvMNlcfeq/ck6Cy4m12KHu/TC6pO7axZQ="}},"FgWGWqaDkC6LxMHviEZ35X5YKwdO7z215pHEUikke4o=":{"valueMac":{"type":"Buffer","data":"/VwBqUcghTbUzoZlYrjjnMlkHtE3bJbUbsnqSEAnSZ4="}},"F0rfLii3GZlGm1pIMLrKhnZSOvLm5yHCMD4kor7Gd8U=":{"valueMac":{"type":"Buffer","data":"zj1n36nAL+nfX+asFNT1NgeOFEKU0z+lXtFy//o3DBw="}},"F8wg77AqPy1UFy9jJ2OmvWJG3+aZ1hBph6VjPvaeaDU=":{"valueMac":{"type":"Buffer","data":"bFGWnwknlbP+iaf50UwHQJxHwmv/pw72Vjx+fhGu+c4="}},"GNL5fs6TZevVWwIfCBk+1gOce0tMzu+99HOL9CVuoQk=":{"valueMac":{"type":"Buffer","data":"ZN9XIARGfYt0j7MR4C8Mbsdw1hoAHtTmBw0ZwkxCTyg="}},"Guai7r2iJqfYOIAODFudldYFF90JF7ujIB2e8Vvij+c=":{"valueMac":{"type":"Buffer","data":"vfNOMDq4O+VnnmGebzCi81SNnYpwXGCGCeUQiAVXrPI="}},"HHIQzm0lH+M3U4Ceem7GkmPaoTXH8VP2GUxOUFgUu68=":{"valueMac":{"type":"Buffer","data":"W8IqT6nPipG8ZuKsWkCdYRKE60VNWy4bocS+PmaISQw="}},"IW/N2Cx6niz7YI5cUOuYNxhz6ZOAiw5AhhDfy0vOjgw=":{"valueMac":{"type":"Buffer","data":"RVyGV2zpsDodWOjezsO3fSJRSCtQaNo0ggSMNZDreAY="}},"IXP1N8UuOvti1lE06TI2TSYVd6k//fT4zvXXXd9q3os=":{"valueMac":{"type":"Buffer","data":"Lt8HPCjalg4McMwKOvUMDpL3u1htP3NMOpeeQyf9w9Q="}},"JGLiis+i3WgbTb3tYbJy2sIk1K9GIj7ysk/8GlVRYjg=":{"valueMac":{"type":"Buffer","data":"9Sl+k3vi6O2gCuXxAUwTTYeO6lr+SToOIe0ZtSuN7RU="}},"JfbXCeGUlu33+tLaYbMqTqZnJX34WuE9CC5xbuufii4=":{"valueMac":{"type":"Buffer","data":"FFHLFQOXSmRH3NfNPNZbp2cw9vtZVjkCYUYg7we6BpU="}},"JiId9AKiJ6rcRGvHj01w1CjZdOtTvMSBrb7hQW6VL04=":{"valueMac":{"type":"Buffer","data":"2jSRe+6NneiwpjycUFpixrYEHWeps7+ZBHrRhlS5Wz8="}},"Jqd7tvgJJFyqSQ2cSyfAacUw9WvZe+WoF6pJ4ddtnP8=":{"valueMac":{"type":"Buffer","data":"Fskcrf40VcMNfgICsB8J+SAWJcRniIZGag+zF5EhCTE="}},"J8mCBtrWZWr5X3pXXFekqB4Mm5JgwnfbwClSS5rpF+g=":{"valueMac":{"type":"Buffer","data":"asX3zk6ByniyoJm2gv3GtW0YXVW2CZ+u7Waxf3tQtWI="}},"KG8AVf/itXxgcpjT2qj5HfrRlfpMFAxcl2ubZGQ4SV4=":{"valueMac":{"type":"Buffer","data":"8a+iUf3axTZY/0PPQ0mzmcvb5YknVgMuoFY6GG33zno="}},"KMUqM7kmLN+riS9GF+VfQtClSckWKfOyEc9SN/d0o0c=":{"valueMac":{"type":"Buffer","data":"+RVkbS9ig9OM35hvTLJa4xIWu+ufcYBNOlXnSNTCs3Y="}},"K+8fAW+bHgOVvdRtiulB+QshGzaXTK098f+5VoqZ5UM=":{"valueMac":{"type":"Buffer","data":"Eul2cI6naE9R4haGMw/F5SdaHHFty5rVORY25Fy73r4="}},"LVKe/rqkPVfXsMHsuhzEDlzdY37PjxOPl2Gt027S/tE=":{"valueMac":{"type":"Buffer","data":"36SJhE9lTMxc1NMFj0WeeyDrHZiTboIcNV+TVYtjSAA="}},"LdkCli9wnZh4VrjWfzV0EzROzwIzCM0kMaFPf7VigAw=":{"valueMac":{"type":"Buffer","data":"Fcm4ITwIHPw7cESwiV8IwvG9BM6LhhKPU8PtATKdwhI="}},"LyEDSyF9DFWJZqosjcKo+K7bs51Gd5QdI0IH7X3mGmw=":{"valueMac":{"type":"Buffer","data":"EhsKpH0NPRQQzJ3rq+VW+Q6p6d8aQ+V55BD1cFMY7U8="}},"L4upaOANzR+N1bJKpiAO0BVym0mJHTfTghqnWhpuW3g=":{"valueMac":{"type":"Buffer","data":"hfKK5HDiZplGv2+w8aTi89T6AXUevMxndhIMLjshrk8="}},"NE4E+ztrAgIvoWRyvipy2iKXQj1UX14Kl5etyml+3r0=":{"valueMac":{"type":"Buffer","data":"igFL3GsSxLx/JfEKN4OlWCAHOehXCOVcqfAZWryfq7o="}},"N6uq7nWQsjm4CTm3IAqRSbhpo2U3/bmsf4wCZytw0rA=":{"valueMac":{"type":"Buffer","data":"cAENffdYOZWHw0GyhJjA4Hw1KSn3zFcxApqz2hU2CN8="}},"OhHncxMqVSh2kUb4KMAF3V3I56lExbQsxR1LXXsL3L4=":{"valueMac":{"type":"Buffer","data":"krgTpzJOvLx+NQ9bQxktHVaZevWbvnjoqtp8tBPaEsw="}},"P2IWu6LfZVnUGzWcAWSlVrIkkfbqjYE96zKvfkarsMU=":{"valueMac":{"type":"Buffer","data":"IDpIww30QGYNmBDy7WqhkGG7ebdhDwkTqpU5HBNDFuU="}},"QE8H4c046bQJacbDqRYzxn2+Iz9H2sAffIz6D2HD3yg=":{"valueMac":{"type":"Buffer","data":"b1naS9bWbsIRD8cYYFaKBOVKN4lZTqxG3my5GQ4SbSI="}},"QiguYzO+HVwIEy2Y3rzSwAZJba6soVhAjDE+cFgCIPw=":{"valueMac":{"type":"Buffer","data":"VRL6NdOjgMZBeddXTLN0zSVXmgtPhLwAPhtPpcue5D0="}},"QlWWVrdCARnlGv2A3UNNRK1MHfBA9RIXRrl47nNz41E=":{"valueMac":{"type":"Buffer","data":"vxC4NE6zQ5+dnk/LTUKnqSUlqxJHuHvsDwN/9fUSZsg="}},"Qsgg6VRAAvyvoV6FNtHqWY7BrBblx2fl+OIwrzzbplI=":{"valueMac":{"type":"Buffer","data":"/Ohgnwjc+4BYEE1KCYId5235by4cX29zhnliDl0TbcE="}},"RFS4DDGnu1s9LJsQ7MpK9cg3B9JitRbsEdtZo0LQ2D8=":{"valueMac":{"type":"Buffer","data":"5yyJO/RjQ/UHP7Su/R6ySppmM2pBAJmtJTMMUYgqH0w="}},"RRhqgEj5dWH1RlhO5yhlc7ao9ULaXQj6Atyrn+V6j1o=":{"valueMac":{"type":"Buffer","data":"FX/cGggw4TSa5Bi6wO1NqRF69ZSjtXuDUC1T/4gEvNk="}},"SHOMUxXBRM++D5zwGxTgaBsiZ9g3ZnXVmYB6tH+/wxs=":{"valueMac":{"type":"Buffer","data":"orH9eA9Ge04F/BNDp1FpKzZNAKqPDvRDpDemt1B3HjE="}},"SpXY40Ol0GBq9s02B3DqDvp/5pgszd668fbU7T36qS0=":{"valueMac":{"type":"Buffer","data":"3cJ9rS+PzAyT/EE0sHSwHRMjGQYViFfPe1q//KWft7Q="}},"TqOgHZro3cAiRBmEKXAfaRrKhZ2SnE+gFarjkmd4fFk=":{"valueMac":{"type":"Buffer","data":"5RTZ6FHRjsfubLS8pR9ou65VYsu+qrO72w1DsHy/FHw="}},"TrWk7d7Qc3hkvpY4oG6I8YDnmxqqB/KWXgc/qffm1Q0=":{"valueMac":{"type":"Buffer","data":"ZapWEoydBT+djibK4ows5sJh4GHVqrzvAEc3mTvNkmM="}},"U9g0Ro2RLnz4PN6EiIDXtLNYvf/xVi4+nTceC2Ccuk0=":{"valueMac":{"type":"Buffer","data":"lwT4CO/uo+kWGogtnaHpmGWV6lioPac+SmZxi/QA21s="}},"WAqJUVUi2aq+3gOum3rw+hIVbDrkV/lKiOzp+Vsdl98=":{"valueMac":{"type":"Buffer","data":"8a14C8GX47cVeKCLAUH653P3TGeZggyAmbBgNYSuw20="}},"XdLNJPMKPYiWqr+b5s9vbJ0dT8IhSx+klU2IQ0gXOOY=":{"valueMac":{"type":"Buffer","data":"NAUo5ArxJbQ73+OcXV4zBePn8VzilrjL+aZ9lz/mxSk="}},"XjiCjP+mKZ06n45Sf9vuGzaAL/CDBPgJntrM/Rgp3ug=":{"valueMac":{"type":"Buffer","data":"ECxEgT+YgELu0zD4a8J3SdWVq5P4FU38ZdbO6wToMr0="}},"YmwOSCNHsEJBiVGZlUcqTG/MGpWEmlBF4Y/Lz6v6QPI=":{"valueMac":{"type":"Buffer","data":"XhNE8jZ/E1RcCUg4bobyWuNTzUkkXy/PK6Urb14tq0g="}},"ZVlWbUCauQWnd2Cw/pjncwYMl2ZB/jLaCBmX05vHdLc=":{"valueMac":{"type":"Buffer","data":"oooghnDIsdR3a50gCN2pClRPMElYDMsqaVTwZ8i6fUg="}},"aT3P+r10INhCa5VOmLJ3isWPWSfaUE1/969cph4q2DQ=":{"valueMac":{"type":"Buffer","data":"wzPqcEgF4UM6X25AUnlP8vDtJe8e9afQN45mVhGMmGU="}},"a7/dlKeOo0m56AK/MKuiZXdScnqCFo3AZ0HXhgINnGI=":{"valueMac":{"type":"Buffer","data":"5Ejw9EnqStQluzEeefa6v9TMITS22XFvWKEKPgmyG1c="}},"bN9/B2aFvtR40J/oEGTq1JHAFgeSmyLlmzwnHGxqTwk=":{"valueMac":{"type":"Buffer","data":"n05PRKUUyRm+vt5uTii49gvqz6+6baWyo+DYN/gi/Vs="}},"bRo7bl1wSqZVyLAhyOLVcn1QyavZ9a0/L/5BWjKsmYA=":{"valueMac":{"type":"Buffer","data":"II3F2JY15lZ6ij3oIm0AejKdKdKAx4tLCeNnp1YFsPo="}},"b3cpBvSIFNBqp8NqAK+SBFoyi0KnetudFt1tJALsM74=":{"valueMac":{"type":"Buffer","data":"KJjOszpB+ElHDJuEY0dAxGCs7vVrtHPT5vKWGq3SmPw="}},"ctsPAxlBnENMYzwaeYuqQulIuc1rI49USGxZthdo8as=":{"valueMac":{"type":"Buffer","data":"yLll1QXWzYB88SkhyCBDz5bdCcfP1X6PRNACzbI69oE="}},"dZ0CEsliaBAAfrWTWJkPF9AEcXpB9cMt5KGqEoR80Rc=":{"valueMac":{"type":"Buffer","data":"v1TTY8LaJ56vCdSrP4/WTqeluxciAc2yzwTRiDTlQXQ="}},"eipoF34mmprhJEKcrJy4O7f2MtMYbOCpFBzVVO6nSa4=":{"valueMac":{"type":"Buffer","data":"30u10WBl8IzSlsGfmqjMUjbzClkdH1X1IW76stZ/K4k="}},"gH5/PoaCczjOFR6eRzh6rzpvFWMFx8NMF/Kc11+wuq0=":{"valueMac":{"type":"Buffer","data":"/AUw+jW3doZrsJ4c/CXNhR6y30uafVE6svCGJV2eFcI="}},"gZ0ZxRiCR0oJkpFxYIJ0pbawtcTcWLFCyG2FP9eftkI=":{"valueMac":{"type":"Buffer","data":"1eCVUcyJRicJUc7WXJovH3QC/6yWaERbJEUv6Twb3ZA="}},"gfA0PFAxHJjoWZPU/L3mjXaORGcL3nVYWb070NcCVI0=":{"valueMac":{"type":"Buffer","data":"XvlgsAX5iOOkvTfTAsBBStM0aCMY5sy3Iha4yl3uL2A="}},"hRaAoW2DtT9CZRcIC+WPeDxh/vyHSCiJ7ZpEHOsT2wk=":{"valueMac":{"type":"Buffer","data":"CRddGXQHNAJlXUw9qgVdvA5nIsDANslsSnOKmGVEjQ4="}},"h6gekybqWpjxn+eLa/xEnqExxHQlhkZTdLRT2M48drU=":{"valueMac":{"type":"Buffer","data":"RtuM2GAy1E/SU4VTBuEim9wk+k8Y33beMaxxnItbYiA="}},"iEgtTFYCjoYyEu+Uo9kFlyOoqREBIGt/7Av1dB4NJVM=":{"valueMac":{"type":"Buffer","data":"NqTOzG4OaeQlmLQd2zaHmln50QsrTHHqmoY4R3CKkUo="}},"i08MToTnh14iIOVeZLxccegISwnTcoeztOuZElYXiCs=":{"valueMac":{"type":"Buffer","data":"7ce9FV1apOzY3SuVMhDdN/+oiAVxwAX4D4Us3SwwxQM="}},"i6Q4I2F/jR1DD7g11daEVb8Zj6KXHorAX65JUANcrCg=":{"valueMac":{"type":"Buffer","data":"qI85nGX4pKRUVrpunUsX1M6AhJDIn9IAfaIq6Xe1JZ4="}},"jCtsrnLwkrOsPfXPpdUxsEQ+TrIXJ6FHICkb3xBbGKs=":{"valueMac":{"type":"Buffer","data":"gg3YxH2Aw4lzTSBXdPO4FNEF+QWGXEwwHEiqVnbZl6U="}},"kHv0pXjXTHvMouy1ihkoGgs9ewMxtcZ57Y3JM3Y2gQM=":{"valueMac":{"type":"Buffer","data":"lVtlUs3pivAH9FqmY1o1Gx4i7cyqgcJ1e/fUWyl85CY="}},"kYybCYi4YfbJDrDBID+kh0GFMx64rkYvAZ7XRU+X6ZE=":{"valueMac":{"type":"Buffer","data":"biWD0EIPazguxf4gUZMRmIdEwVzcbQht5mXoYf6Er5U="}},"lFiROXqkHG5pMyMPuDkERi7+FW9vJlYXlPazx56l21A=":{"valueMac":{"type":"Buffer","data":"jAANQJ94jcjAZ59PxcXIle0vG8MklDzgB+XCiLlgUFY="}},"lte6XW48nJEe7XL/03jtHnVKy9+70xBEthni16uJcJY=":{"valueMac":{"type":"Buffer","data":"swlKCez7HfrtnpL1hUuABxuO+OieeVkNhtyK2kjq1tM="}},"l6uFcf+z3RFNtkLacwIt7+qXTlYDy9JvQf2S84Bk5r8=":{"valueMac":{"type":"Buffer","data":"CeXvquXlM+GpoH1HnDFM8vSQg3jzkS2zs7dr/am5a9g="}},"l8V52exUZR3YpgHHr6mIkSyn34MBZbmEfdzErksqiwM=":{"valueMac":{"type":"Buffer","data":"QboJ6aXXLEA91gmSnTF3nCpK6T0YeCQ0EA6r4SRmJDw="}},"mLQ9jAy1qSt8prTx1EgFgDLgPunhaxMACEblaiQFgS0=":{"valueMac":{"type":"Buffer","data":"7ct0lP1QOykX1rQO+vghHV3WcOuJLiMscpwmohh6tYs="}},"mQ5cekOoHezzQZHKiorrLsU8/sShii/T/FNAIV54z3M=":{"valueMac":{"type":"Buffer","data":"SL7J/ypNZiiXLH05gZZzexOcYeanKx6S8WU5gCGf/J0="}},"mZmoxOs/PjEcv11mh3EwIAv/vdKX0jFICb+uE1LFbwA=":{"valueMac":{"type":"Buffer","data":"fysas0qOdthWmLrdohBNdMkbHhODWMhrq1su/W8BZm0="}},"mtW2JKDvcmugVDqrz725jY/NSlkBIbdLkabK2QkcJv8=":{"valueMac":{"type":"Buffer","data":"CRmK1YWygczKf4uU4e38mgc/X1QfMSz1HMYmfS200Q4="}},"m/H/UZYgNz43jViqH398l639wdYLFEs3s2dMam2r3DA=":{"valueMac":{"type":"Buffer","data":"R9cbttXel4waYdxvft+jTTmo4mHGN5vo3ykkcBH5Mvc="}},"nYx+Quzm3JDenBqsXt+aC28H/WX+Z1F9V8FaIrLxlRY=":{"valueMac":{"type":"Buffer","data":"nTHH2kn650Up7zG3eTFRQcINUCehbXR1cy8FKyc1eNs="}},"oThD8ZWinuTrwmffyfXJCQyBQs1IQYbaKZEMVLAX0z4=":{"valueMac":{"type":"Buffer","data":"Id727q8rWJalX1d0yqtkZqM9B1o5HF8XKtnCs91GnxM="}},"ojlLNeVXrd++EGbkM9rnIeSi8sk2dWV6YkWmXPDlom4=":{"valueMac":{"type":"Buffer","data":"HA7EwmmUCN3+MSG4wxtcg6lgklK8rPW8nxkSLmq9RGI="}},"p0kFRbInW9ythesrgtRrW4EMP20PFactN8n5bl61kfg=":{"valueMac":{"type":"Buffer","data":"tv/BYnwA8M+YvbnWarrXkqfparYAs9YKnZu+epJyoqk="}},"qQUbp1co06MANX3OdxqHUnpMYXSS6TCzHIrzh/yVGf4=":{"valueMac":{"type":"Buffer","data":"U1kiJWALUSj8RGcKxHDhtf9NqkIYu9DYv9Kwahs0CjU="}},"qS2MscScJ+/HImEO3g9lhndxHbCOaM4BNSwyIQPBc9E=":{"valueMac":{"type":"Buffer","data":"nt2UYzjJE+pYJIsXvs6jezX2SkKEiaSYAcHqSeMF7Kg="}},"qpomP8jp83NwStQAzphDAyulcVqNm2zTMrjg6bqQfog=":{"valueMac":{"type":"Buffer","data":"t9nLHTVenYE2E/We7XinZR5DUNnIAhKn7wpSAc7mBrY="}},"rCkzcC4r5hFfwjkYeionNahFRfFMcF6XSAZumt5IzIc=":{"valueMac":{"type":"Buffer","data":"nUx+1ZDlBEaJHJdxyd6fe34zW3+csVq3iG2K3srMm8I="}},"rdyPTT1OTSlYEevJlknGvVFHF1v3hZkQY6Fdk6Bk1k0=":{"valueMac":{"type":"Buffer","data":"/Cq443XGZWkaCe+1fKg7asExBbzgqsB203ZYALhQIMc="}},"rmiuVhn94+TIgM0QKBEtm2a/N81p+Hs5wlBBq+EbPqM=":{"valueMac":{"type":"Buffer","data":"JAAaD3ID8zJ+3fLiy8EOyL0pN6YKwo0jxiKgWrm4fts="}},"sBE9zxdRR2wFfHVnhWHvYN+9iEJLK+Bqol6ACLbgGNE=":{"valueMac":{"type":"Buffer","data":"atDKYvIqM26O7UVsECnMYMlMyNWwvjK4uNmMwJsIOmA="}},"sXF4E7rFUks99rmKR+jjOOwvr44kVxqUrNaPngv/luA=":{"valueMac":{"type":"Buffer","data":"XB0J+YHbbOxTdL0mocJQ4qqp5pHKOKlI1IkvrJISVTY="}},"shg20x+rU0JNuL5fz+zFm1w/z6rRFzx/4LkydKJDTcs=":{"valueMac":{"type":"Buffer","data":"S5qDQAsynBuJDDqkYCcvRS2G8BvTlN/zkFB0bfD/+xs="}},"uQgmf6vnEq04TivnswUpNiuNWgFOLcHZoxV9+mBf2nM=":{"valueMac":{"type":"Buffer","data":"HZA7D/5rZ2Q/sl38IouAP4wX+EiuCvTD3SqOGcwqFXQ="}},"uZLXVn/C6EUF4ZLKiYIXgxPu7yZTEkyT6EZGaRC6VdI=":{"valueMac":{"type":"Buffer","data":"woG6zMM78WefWusaDM5v8Jh21W2Gv/2ec053lZFdmcU="}},"uogDiIRKLOVb8HotkUMG/wriUnAHbJZLlTrK8RMsScw=":{"valueMac":{"type":"Buffer","data":"cP2D6r68sryWW+m0dcTU5tM5RH724eQF0188x6wsqug="}},"uzaJwEye6uO2pY5wWKNQ8P4xzWEMgA/8TmFU9l9lT4c=":{"valueMac":{"type":"Buffer","data":"u4ZMtMJJBDwop9W4reGfC0mPX/abrAvJhBCKooYRmCQ="}},"u05n/wEl+rmdD+nhhDJHLiZfILs8CnL0p9hmsP9ZV3M=":{"valueMac":{"type":"Buffer","data":"zOGC99y8Em5dLPb62jP+yeaS0q5cgWyEP/4QcSvdqTc="}},"vEUxnYuIX2isEbmbtWc48rVbKVBxAeUMk0T7PDEpDv0=":{"valueMac":{"type":"Buffer","data":"mzaEPYKWCGMrlmHrGfngwxdsMft6pTVCTDcbbRKjZiU="}},"vdUVrwG2uEcx497V4EOYw+w88P8DXfTMJibkz6P/h+A=":{"valueMac":{"type":"Buffer","data":"YLV4x0lXITSjsGYren82NAgeK++7f69C93lOTrrOW6Y="}},"vyJ0C5W28o5gAg6uMsaFKaf+hrgLiPHxWgLrHNjJ3nk=":{"valueMac":{"type":"Buffer","data":"QCcl2ZkdJY/3547i04v4nm+xdu/FRt6sPa2HxkFiW+I="}},"whypOXg/mbKTWdgNr0KgpWykRPLUQ5ZZpq2cPMW6rIE=":{"valueMac":{"type":"Buffer","data":"V0mjKXovumj6Lc/+4Iq3I3W0YiHiwyLtVgN01ESh8xE="}},"x0/nG1stnfkHQyYp0WkxNIGFXc8j5cw4OpUMZsEyMpA=":{"valueMac":{"type":"Buffer","data":"a+ShJltip4YXTR11Z3RnZZ6X3929+J+McKI5aec58hc="}},"yEcWGLlq2AC9bqPLAc/BBO8KGUchqhGT5424v6yJLEY=":{"valueMac":{"type":"Buffer","data":"rNk0Ykr77IVN8V9FJa0zE0CNaEr/L1WGTzpzrejHJ+c="}},"yExnvGuwzRKg7eJ0h4MLsFTaRdJwVY+/j0gQaJYavhc=":{"valueMac":{"type":"Buffer","data":"PKDLVNFI2MYoVXPFr0z3KbqvGSDy89/zT1m7O3FphkQ="}},"yuopwj/E9d+tsikIeqykAXVVadOtF+KjAD9+2XUXo6k=":{"valueMac":{"type":"Buffer","data":"yizKW+Kjy7H0B2hYFZA27P6IQHtV03UwMz9NVP4l2W8="}},"zB2Zf1vQ7e9e/AG76odVXM1w+ekOvn2cAeE3n4y+BL8=":{"valueMac":{"type":"Buffer","data":"pXRPqylLSnHLyLhb+yNcGcscPzmHnSn3s+BX7qAuUWs="}},"zL4V1t9NUiUMRwrDdjHMZ5qiawfVPDWsEstHOD4BLMw=":{"valueMac":{"type":"Buffer","data":"S1OfPatwrb10eZl2X5D8wE6r9ZhsVOlcZlC0R5rGB8I="}},"znVV2qAQmAKu8ys+uzabOgcAtCHEMmQolQPTrvWjJIY=":{"valueMac":{"type":"Buffer","data":"ALiHNUvjJo6DjTLM53GgNMmhS93tOEtuGka01WAZJPs="}},"zr9rrXMhb155YuOV/f/Sni+S+wgKKZlNDqLHPT+FwFU=":{"valueMac":{"type":"Buffer","data":"AYrHVQ0XxZALbuTIKL39WcS75EOWCGRCF6jmmNdrPOA="}},"0M6iLmFOWNjAGHK6IF8hf/SS+A/YbizAICPOR3VPR9g=":{"valueMac":{"type":"Buffer","data":"Y8WzzQzOylKmqj0wohtEcQgHCgye9IFQHKE8qeB7I9Y="}},"0j3b1sNAmtnQ3dcfdtHFOzQgJiOXxxzdYBLVURUKH38=":{"valueMac":{"type":"Buffer","data":"nsH0huYrIFmAzWrz0DIirh/NrD43pKy02TyB3OeH8io="}},"0r6DHmhhs0XRBGBdrcRshuer+O3NE8fS9zq5OTUguyg=":{"valueMac":{"type":"Buffer","data":"p5AQDue0RqTmrGgQndBJQKEpQNa8cNwaNHuIlZXOcoQ="}},"1ER/JTPf0STNXSlKA4nTsqhHAGAyWEIG6+GJgfWmoT8=":{"valueMac":{"type":"Buffer","data":"LJPh8UOTl25iPPjSNF32J84CH+0ht7RwiU8afoD9210="}},"1iU849hjilpemOQMhI07byoodZ7XrbftUcMTCacqPrQ=":{"valueMac":{"type":"Buffer","data":"wEWDr7CvWNbbRVrhHVtNmnL3ynYJm7xKeZA6aoM14Sc="}},"15A5wXNhAA5KQwMi9EYdhajoaQ8j2UFqeDKJkc1usqU=":{"valueMac":{"type":"Buffer","data":"c+iTX3ovu7XG9q2De5OtsYY1ciQQ7hLThGpq8dNFkzA="}},"2UeuObxEI6FjptJYg9HUIUXCN2iNd6AD7FP1wcU9Flw=":{"valueMac":{"type":"Buffer","data":"S3kWolCXLjF4bPLShV2y0IJOZPjcBTAylOHrBnv/MQU="}},"3UnCn0/L1PcOyI23eqZRjOtWXHrYq5pWot+Zk5L3ypg=":{"valueMac":{"type":"Buffer","data":"oo6EEvu6hImKLJliaw5XZHQRQqYhcikIkTBKod3Xv8Q="}},"3rNSngobyy8abxiASClLfsrLQAFN3gYf94F2u+D+U38=":{"valueMac":{"type":"Buffer","data":"LQiCbx+dFDgyd5MGF9yEXVlQUPUFX+iPxEhs4teRNqc="}},"4H9KrEOHBeYwjcLAHiMlXT86SidCORHOp/HKOqmXfXg=":{"valueMac":{"type":"Buffer","data":"fcTxEWVttAWbRskbqYz2IIJcKc+t7MNfUCAQfzp1yAM="}},"48rVI0fFuw8yNy8E7ZaL4EaEkSf9yQqow91BauDTolo=":{"valueMac":{"type":"Buffer","data":"7m+wL1OaUGvUAur/+TBp5U8BtzApI7obkeJ+l7fU40w="}},"53gBrUyX6UdlGXlbu4v5dM3rTwd281t3bVWVH5E13FY=":{"valueMac":{"type":"Buffer","data":"DaV0psYQOh5B+uwBsfMjg/LjLq3CSkVTzZDIqbMNN7A="}},"6euDyTL8/TJebvx8kXT5H6JMDPNbFRSHndBzLYsTi24=":{"valueMac":{"type":"Buffer","data":"7bBEyoTsc1YfthCstw/jazlPXU803xQnK9fBphXwkgM="}},"6oB9ieIg5A9/QQ2+a9GKx0mjccqRiUicBSYJYa50BXg=":{"valueMac":{"type":"Buffer","data":"2lMqQ2Ck0gWxIpqH/s/TK/a0kBH6ao1ywfjUz+iltqY="}},"60IXSNSf64bYOk5noz+++V2F8GD4AoDUGj7jj1S5ifQ=":{"valueMac":{"type":"Buffer","data":"t+fetdTQ9VSJhWE6ArRanwfBvdszVQVLJr/7LR+hdME="}},"7OoBiWBX4Ljp3oNk8x0BV1M4T48XllIrSDDbCe79Ss8=":{"valueMac":{"type":"Buffer","data":"rfCQCNDp/+sV30JQIiUu42L3MJSJX85ZI96FjfvJoL0="}},"7/X4UX1DDMvyFYBDahWNsi2a5syNFEmfs+8n443Ma+k=":{"valueMac":{"type":"Buffer","data":"PN5lYShInRejsdO6+KNvwJbNV6xZnQgeE3CxUWnb1fk="}},"8e49K4cOKmBfnKVXK22aeI0DZ0xq2fFDuH78WOCVbXw=":{"valueMac":{"type":"Buffer","data":"w5NXwFy+ikyyjeKvaeQEogGuiAuf8PSDAIlaGTm88P4="}},"9zImV4C/wkJi54ThklA0hA8ZHCR1r9eE0mdFJjLiAzQ=":{"valueMac":{"type":"Buffer","data":"pOQk7xStsXHGx99BkXSR/Er/LqFTEiTZ6HiqkZuF0Is="}},"/AhIPzmEFQj/ntRQXwgtW8BYHivLQrms+pwEATipqns=":{"valueMac":{"type":"Buffer","data":"jIrt0ehXkmQwpCcwv4KEPTMJNLZkMBWVn4bZzjC5KD0="}},"/SGJc2d4xnVMRfZV1mB6H4+vR1VrZg63ZhLjTMVnG4k=":{"valueMac":{"type":"Buffer","data":"08gKXdeXIAt+t4f1Mzrh0HPSJTTCEAM+Y0mq70Slyuw="}},"ws/aoa20Zh83MRwcT9THkP/5diGOQM1zy0JQM03EdAg=":{"valueMac":{"type":"Buffer","data":"kGEyXMVbwGpfsGvbUNgGwYMl1Sa/hYQZNjgnDDSsAck="}},"JsGH/ay8UCtNqqQOXsTGc+y0bD5CAv5khWxraxapmno=":{"valueMac":{"type":"Buffer","data":"D9Tlwqeko2QezC1VKO7a6I3WjYoDSBGE1Bz8TlQ0x+E="}}}}