{"noiseKey":{"private":{"type":"Buffer","data":"UOeDYSFnXFHZGNTa/2YfsD+kP8xrX+ipDdwHmreGREg="},"public":{"type":"Buffer","data":"SJn70fqZRvPaEPX2ooBtWjdKosLqwNRWgQztNylmFAU="}},"pairingEphemeralKeyPair":{"private":{"type":"Buffer","data":"ADia3q3jQiz4N2443NmMZ/i1+TL7hA7VEBKcYRuvWGU="},"public":{"type":"Buffer","data":"M/DCfxdjgIPipH7YqKWfw20EpsS+MD+jgYZz8+YcNx0="}},"signedIdentityKey":{"private":{"type":"Buffer","data":"qL9oqkYg9hkqZtUVgO2CMZSUMamAW0idvKWM62pFaWc="},"public":{"type":"Buffer","data":"KJOe8p3ED+27nxvN4W2mg6WiEwgHMGyPNm9UEqXPUxg="}},"signedPreKey":{"keyPair":{"private":{"type":"Buffer","data":"oMw0Bv6+4tZpM0M7qhwKIvBNddwwAYFPW09rBMzsFF0="},"public":{"type":"Buffer","data":"6ea54KAkt379evgdUaaJLRvpFBbyKNwxq2gWUzKo9Bk="}},"signature":{"type":"Buffer","data":"7KNo8izuXZvJokqWYT0IrD07yBVioDFEV1DlP/rFSB8tUXEX9VHMzrL27hXwm8bZiZVMv9+FzxazG/t/KDeeDg=="},"keyId":1},"registrationId":62,"advSecretKey":"a48D4kDT9f7xilM1rIk/pFknsfkF6CYzVZwx86EvuZg=","processedHistoryMessages":[{"key":{"remoteJid":"62881023683976@s.whatsapp.net","fromMe":true,"id":"67B206B501AF5D4265802D8A8F46BBEA"},"messageTimestamp":1751533315},{"key":{"remoteJid":"62881023683976@s.whatsapp.net","fromMe":true,"id":"D45F22640514902C30BE60821AC64517"},"messageTimestamp":1751533316},{"key":{"remoteJid":"62881023683976@s.whatsapp.net","fromMe":true,"id":"4A8C651E52D9E9CCD97293366FDAA063"},"messageTimestamp":1751533340},{"key":{"remoteJid":"62881023683976@s.whatsapp.net","fromMe":true,"id":"A2D538E63030E777EF33C2508D18716E"},"messageTimestamp":1751533355}],"nextPreKeyId":121,"firstUnuploadedPreKeyId":121,"accountSyncCounter":1,"accountSettings":{"unarchiveChats":false},"deviceId":"lnfwQ5UVSVKlPWziuxKQ4g","phoneId":"b1541d83-2d8f-4bcf-ad05-f5531a01f26e","identityId":{"type":"Buffer","data":"5FR3QhzI59uKwTEOkN/7/mJjRH0="},"registered":false,"backupToken":{"type":"Buffer","data":"zHtuXGK91R+l32TNW9UJOrZpQGs="},"registration":{},"account":{"details":"CIr2iIMDEPyNmcMGGAEgACgA","accountSignatureKey":"3XRpWRMMKgBON+0Xp9TSF2ihEOQuXn0PxoSH1E+TWh4=","accountSignature":"qu24mrRJfqTOTHjTlFl2pQD0YaQ+OInqVwTrFP/ipQpfP3/ZqxXn1eqafVMalTuWHBl2WJeJlgIWNIBU4mS0Cg==","deviceSignature":"FrMVXfGT44Uamv2/OSFZYdAnHOqnXCrsncEgkYxiUx3nPsORuDMVM5mG/4mL7EZ6leHWwe1YBYVsc2KauwCmDg=="},"me":{"id":"62881023683976:8@s.whatsapp.net","lid":"111734010454095:8@lid","name":"LILITH"},"signalIdentities":[{"identifier":{"name":"62881023683976:8@s.whatsapp.net","deviceId":0},"identifierKey":{"type":"Buffer","data":"Bd10aVkTDCoATjftF6fU0hdooRDkLl59D8aEh9RPk1oe"}}],"platform":"android","routingInfo":{"type":"Buffer","data":"CBIIDQ=="},"lastAccountSyncTimestamp":1751535931,"myAppStateKeyId":"AAAAABwj","lastPropHash":"1K4hH4"}