{"_sessions":{"Be/U7mo61MdsMP1SF6ddnXQWam0tSoxBJWsQSAiP7vs4":{"registrationId":6908,"currentRatchet":{"ephemeralKeyPair":{"pubKey":"BVmFfjoi5MiX7mAq9BvxnTGMVhs0VP2zUFC32hWu9J5o","privKey":"uHMyKaNH2rIatpr9rHQQ2S8baRtiXJcFRvDvjmXDDUI="},"lastRemoteEphemeralKey":"BbZPHQUpYpj9ri4q1vwpev9C8zpkVDzqE/91brPVzgJN","previousCounter":0,"rootKey":"kuUrg+JpgMHHw/U7npX7buY54+WtFtVWfyi3C1KXVFg="},"indexInfo":{"baseKey":"Be/U7mo61MdsMP1SF6ddnXQWam0tSoxBJWsQSAiP7vs4","baseKeyType":2,"closed":-1,"used":1751541485398,"created":1751541485398,"remoteIdentityKey":"BbRoqQOFE31rXG8jUMWShfWf4PRmZ5j7sPJZtdw81dEd"},"_chains":{"BbZPHQUpYpj9ri4q1vwpev9C8zpkVDzqE/91brPVzgJN":{"chainKey":{"counter":0,"key":"1MkYAdgcg99jKAZR3HwlWHH29qTdyeDzwHnARn+Uzto="},"chainType":2,"messageKeys":{}},"BVmFfjoi5MiX7mAq9BvxnTGMVhs0VP2zUFC32hWu9J5o":{"chainKey":{"counter":-1,"key":"a4IBI5XwTWJdv1q0TyBr0Bu8MuUHm+dBO9KuXRdRszw="},"chainType":1,"messageKeys":{}}}}},"version":"v1"}