{"_sessions":{"BR7QFVeMb6yJQDgzvk4/byPT4usZkAikxSDfOkKWFL4I":{"registrationId":9514,"currentRatchet":{"ephemeralKeyPair":{"pubKey":"BQdPh6S3L/zVfeCluLEhOG9GOyN2YMw6dj+4OqlbiSU2","privKey":"CE4iCjJJexFNlSF2EcPZ5l+3rAFQib8fr6qMUz0vKmI="},"lastRemoteEphemeralKey":"BSZ9L+G6npXMdsebBQd9tU8oqt/+syBXEDr6bke8zo4x","previousCounter":0,"rootKey":"sYdMOW6ir0dncWSaNg3tBktdpyO8Y42N/apI51JZTao="},"indexInfo":{"baseKey":"BR7QFVeMb6yJQDgzvk4/byPT4usZkAikxSDfOkKWFL4I","baseKeyType":2,"closed":-1,"used":1751536123793,"created":1751536123793,"remoteIdentityKey":"Baabb1PAIjQZzjsA3jqO+HUAwVuSPHQGMn9byalUDMZt"},"_chains":{"BSZ9L+G6npXMdsebBQd9tU8oqt/+syBXEDr6bke8zo4x":{"chainKey":{"counter":0,"key":"aOmp3sHDgGleyd2kzEbynb9uHpLkTo2l5G4O1b9Y2+g="},"chainType":2,"messageKeys":{}},"BQdPh6S3L/zVfeCluLEhOG9GOyN2YMw6dj+4OqlbiSU2":{"chainKey":{"counter":-1,"key":"lxlSq1Ak/OTbvySC6VZD6SBip0e1ODdSeebfmYwFxrw="},"chainType":1,"messageKeys":{}}}}},"version":"v1"}