{"_sessions":{"BdFozLul+4ECYUabmG4nrYq+3fj0XD0x6Pcp+i5j3fp+":{"registrationId":2097694586,"currentRatchet":{"ephemeralKeyPair":{"pubKey":"BRHe5mZ1kibCvnKiRjUwNy45IW0QxDgY3migkCkAeDMP","privKey":"2JOYmJPLkOo2ygRqvbnot/gv3JtG3IOEI8IhckGW6l0="},"lastRemoteEphemeralKey":"BcpyTCBd4ugegi4BIww7A0OHo12bhPN3Sfb6Df+dCHca","previousCounter":0,"rootKey":"KsjXfqhDbtRzlZ7DZTaVRVoarjuEr2U61tg5ixqQn6E="},"indexInfo":{"baseKey":"BdFozLul+4ECYUabmG4nrYq+3fj0XD0x6Pcp+i5j3fp+","baseKeyType":2,"closed":-1,"used":1751535932594,"created":1751535932594,"remoteIdentityKey":"Be0Mq4RVpUjlhzPiWlmHO72vaMspaTjSvGLWvj0mYVZT"},"_chains":{"BcpyTCBd4ugegi4BIww7A0OHo12bhPN3Sfb6Df+dCHca":{"chainKey":{"counter":1,"key":"z9L3ILMDf8C9SQ3EqODOtVrJlfrNM+9mSOvWImRVKqI="},"chainType":2,"messageKeys":{}},"BRHe5mZ1kibCvnKiRjUwNy45IW0QxDgY3migkCkAeDMP":{"chainKey":{"counter":-1,"key":"IuWTNt6dSNTxZ/I7TKJ+UubRUgV4MvM4bGd+mNcDGRk="},"chainType":1,"messageKeys":{}}}}},"version":"v1"}