{"_sessions":{"BUp0rK7HQ28d/96dpYZbzmOnutcb3FBr1yWZW5aW9NUB":{"registrationId":1967289118,"currentRatchet":{"ephemeralKeyPair":{"pubKey":"BZACzjaRCRKFeKZzEOoKx0Y21Yc8O8FduWXs3lzMMw9a","privKey":"6G9xytmihVI7Kt01dwQe6jLPibxuLwnhxZksWhs9qX0="},"lastRemoteEphemeralKey":"Ba1QmySlyldYf3M3/63ohbIvXXYsE6Wwhl3zsRvvBnNA","previousCounter":0,"rootKey":"y/hr7QcLMz36tM8nzQKibcszE7m27dOGkOH/lmazuto="},"indexInfo":{"baseKey":"BUp0rK7HQ28d/96dpYZbzmOnutcb3FBr1yWZW5aW9NUB","baseKeyType":2,"closed":-1,"used":1751535932697,"created":1751535932697,"remoteIdentityKey":"BWH8jNqMmFP7TIXEov3azeYBCaw3fQ+97rLLucrl1ik8"},"_chains":{"Ba1QmySlyldYf3M3/63ohbIvXXYsE6Wwhl3zsRvvBnNA":{"chainKey":{"counter":0,"key":"goz82j/9s0ScoGAgrWkcl8JINMMg64hdCE8JQrnedU8="},"chainType":2,"messageKeys":{}},"BZACzjaRCRKFeKZzEOoKx0Y21Yc8O8FduWXs3lzMMw9a":{"chainKey":{"counter":-1,"key":"irffFVrvDip3SppzXqVdJzzrm+Bu1YOCB8DQTRhGcHU="},"chainType":1,"messageKeys":{}}}}},"version":"v1"}