{"_sessions":{"BS1ssv0VPRJD3A5ROK5W2BNojf2DzBIKd2WAdkBobA9A":{"registrationId":11775,"currentRatchet":{"ephemeralKeyPair":{"pubKey":"BRpGTDiyWZ2HoSi/2MUummmlzSzKX3LkHTQXfGPs6WFa","privKey":"MLC+/Z5flsTqyWMjbDDsLOo+O4WUE4Ryt4DNOhn5FUQ="},"lastRemoteEphemeralKey":"BRPlyuy7Q0MdAcHJnx3Isk1Nkl5PDH7Q5LkhR17XWmJp","previousCounter":0,"rootKey":"xMF4Uop4xjYhAVLuwYjH967Vgl+sGi7OzQ8cRs18Ykk="},"indexInfo":{"baseKey":"BS1ssv0VPRJD3A5ROK5W2BNojf2DzBIKd2WAdkBobA9A","baseKeyType":2,"closed":-1,"used":1751535932801,"created":1751535932801,"remoteIdentityKey":"Bf7OS6t5hBToJIq3VE2WRgkCuYuq2g4llarr71XsNDhZ"},"_chains":{"BRPlyuy7Q0MdAcHJnx3Isk1Nkl5PDH7Q5LkhR17XWmJp":{"chainKey":{"counter":0,"key":"YRk0V4kve6qz5TA0qiKTKCVMJHTVoz8fEd4Wg88g1AY="},"chainType":2,"messageKeys":{}},"BRpGTDiyWZ2HoSi/2MUummmlzSzKX3LkHTQXfGPs6WFa":{"chainKey":{"counter":-1,"key":"/30ws/MtWwktP+g/5XjmroLPzH890LqUDcWeSvX5VGE="},"chainType":1,"messageKeys":{}}}}},"version":"v1"}