{"_sessions":{"Bd6FcMhtk3nAxZo3Db5lnXYwRaCgjVsb2mkjqwawUTR5":{"registrationId":98209414,"currentRatchet":{"ephemeralKeyPair":{"pubKey":"BeH4GItboNuCvgWKWOePeOvPXUOo3+CGNyLTes/tKjQz","privKey":"sD23Rdz6VrV/SIb7svzaQkdj4ljLk6crA77dtrYNh18="},"lastRemoteEphemeralKey":"BfBp59isqimB20svrn9ciF6TeWr9uxxvcn6SwmQsX6Fp","previousCounter":0,"rootKey":"EU3l3gWf3ULXfX7lpHnqcHDJKV/mwYDf4jvllSZ5GiE="},"indexInfo":{"baseKey":"Bd6FcMhtk3nAxZo3Db5lnXYwRaCgjVsb2mkjqwawUTR5","baseKeyType":2,"closed":-1,"used":1751540545249,"created":1751540545249,"remoteIdentityKey":"BbQOvTrP/55/0cfS4COp5KZ9wbcexAi2oKVLNLFZu8cc"},"_chains":{"BfBp59isqimB20svrn9ciF6TeWr9uxxvcn6SwmQsX6Fp":{"chainKey":{"counter":0,"key":"XePaz8mmdONy4hIvNPkqGjRk3Ut1P6zzFk/kIIEMb00="},"chainType":2,"messageKeys":{}},"BeH4GItboNuCvgWKWOePeOvPXUOo3+CGNyLTes/tKjQz":{"chainKey":{"counter":-1,"key":"XyUPaXsKVHtn0h7Msv242ICSMeEGUkSUqWanVMi9rkY="},"chainType":1,"messageKeys":{}}}}},"version":"v1"}