{"_sessions":{"BS48smBZtKRF0uxmRklTzfoQXMev+qIHxC3zkbpgWfZ7":{"registrationId":1088600129,"currentRatchet":{"ephemeralKeyPair":{"pubKey":"BYCHKYGb+/sWMBEBzREn5IpZocsNyX4yDJWFZig4ujkS","privKey":"GK5sUw3eqS/AW1dLkt7RPqK4ktTD++GXErZYg6bQfXI="},"lastRemoteEphemeralKey":"BSoxITkfuIoPnBFqssaqX3VT5nxmJJpZAihfd6eR+F9I","previousCounter":0,"rootKey":"PYRWmLpGCnZJa5S48nZPDqFrC4gqm5xX72wqfERFs2k="},"indexInfo":{"baseKey":"BS48smBZtKRF0uxmRklTzfoQXMev+qIHxC3zkbpgWfZ7","baseKeyType":2,"closed":-1,"used":1751541518596,"created":1751541518596,"remoteIdentityKey":"BRHi5vABuda/WGTltyiP3ioIM8EBg6ErdYvPi0wkc+Fj"},"_chains":{"BSoxITkfuIoPnBFqssaqX3VT5nxmJJpZAihfd6eR+F9I":{"chainKey":{"counter":0,"key":"/19bK1WliTKGNycJxBOhNQJrrPktXdRC8Wze/cGOkG8="},"chainType":2,"messageKeys":{}},"BYCHKYGb+/sWMBEBzREn5IpZocsNyX4yDJWFZig4ujkS":{"chainKey":{"counter":-1,"key":"5eY3w+KnPQ8CD/EVBTRjNAJf0vJ44kLys/iIW7v1bqo="},"chainType":1,"messageKeys":{}}}}},"version":"v1"}