{"_sessions":{"BfdGpGI9qxAveAfO5kBHikAjWVe0XUB4ty6yH7veN0Uu":{"registrationId":8274,"currentRatchet":{"ephemeralKeyPair":{"pubKey":"BRXjPxMsT1hALVRStkfdgQUD0TUo8RSx3XMl66zQIrRI","privKey":"4F0PIHEkJLRPWoPNWKPp4Kdk03FoWWSNiqGS7SZSm2U="},"lastRemoteEphemeralKey":"BcT2Xovx+8N/MyRiw8cWKMQQC9Jf1tlWBn9g/YRxloZR","previousCounter":0,"rootKey":"0AXx7V7HcvEsU9c1+YLbuQw1tZ/NswB38A72Cxdiz2k="},"indexInfo":{"baseKey":"BfdGpGI9qxAveAfO5kBHikAjWVe0XUB4ty6yH7veN0Uu","baseKeyType":2,"closed":-1,"used":1751539509311,"created":1751539509311,"remoteIdentityKey":"BTP5xuhBOAT1w+kxtLpS5W5P9Oth+KLvFJh49yKF/5cX"},"_chains":{"BcT2Xovx+8N/MyRiw8cWKMQQC9Jf1tlWBn9g/YRxloZR":{"chainKey":{"counter":0,"key":"6aTaDlBuA5TksIUI5bwsSCSIgOo8YdnONfdYK169PzE="},"chainType":2,"messageKeys":{}},"BRXjPxMsT1hALVRStkfdgQUD0TUo8RSx3XMl66zQIrRI":{"chainKey":{"counter":-1,"key":"tLRg2jORmBUcFk4zDU8PhQes5po8GuGqIgMGxgkqRBQ="},"chainType":1,"messageKeys":{}}}}},"version":"v1"}