{"_sessions":{"BTuU6vFsiyB8YzIN53r2aWgTWkpEO0l/wJGjb0XjDXJb":{"registrationId":13661,"currentRatchet":{"ephemeralKeyPair":{"pubKey":"BaXy7OnC2j62lu084KcI9lf9tsj6xBF21SJ2oT4mXaB4","privKey":"aCEZuZoHWQB2CmX4wgdn8MmmMc4OIZ0BWSp+c7HjW3I="},"lastRemoteEphemeralKey":"BZsXE97l1Pp7+EhyycVc5rkYZ4v7LdDcdVQTd23shFt3","previousCounter":0,"rootKey":"RHCkGhneHd0/lrzbhdlUdyVnnDxNhUPweNghgAxKPl0="},"indexInfo":{"baseKey":"BTuU6vFsiyB8YzIN53r2aWgTWkpEO0l/wJGjb0XjDXJb","baseKeyType":2,"closed":-1,"used":1751539083616,"created":1751539083616,"remoteIdentityKey":"BSTNySBG5HooAmGg95qTg9SGmY4Bd8RicgKTRKBlulxO"},"_chains":{"BZsXE97l1Pp7+EhyycVc5rkYZ4v7LdDcdVQTd23shFt3":{"chainKey":{"counter":0,"key":"gHahWzMCRLWBxnkR93gK6JAZk9GAo2YQxaR/BfPCrYo="},"chainType":2,"messageKeys":{}},"BaXy7OnC2j62lu084KcI9lf9tsj6xBF21SJ2oT4mXaB4":{"chainKey":{"counter":-1,"key":"NW7SMyYayLfUPaFG5TrmOkxqTepbIHmJiiC/qWm2tUw="},"chainType":1,"messageKeys":{}}}}},"version":"v1"}