{"_sessions":{"BTdrUjFG2lDnyKbT/y1WADCa++mEcl/8uZge0UUCv2kv":{"registrationId":2076583466,"currentRatchet":{"ephemeralKeyPair":{"pubKey":"BXYqria0VwH8jQv4FqqpFttHFVQf9CgUpPfO3LLBud8B","privKey":"sOnqVDRO4wXGdMqj7t3Q26iiH9h3H+EQkGjeBw4ebXo="},"lastRemoteEphemeralKey":"BU6tYGvP8cORjDhnZsVSzWyPkz25LnZ48QrMicfCHBUQ","previousCounter":0,"rootKey":"mQfzF0R+de9B445fZYXBfHeupcAmHawqJNpys4UrRGw="},"indexInfo":{"baseKey":"BTdrUjFG2lDnyKbT/y1WADCa++mEcl/8uZge0UUCv2kv","baseKeyType":2,"closed":-1,"used":1751540703436,"created":1751540703436,"remoteIdentityKey":"BRtqfluOfB6GkIYUcZpl53mzm7jvfQcvmJZhONIBM3BC"},"_chains":{"BU6tYGvP8cORjDhnZsVSzWyPkz25LnZ48QrMicfCHBUQ":{"chainKey":{"counter":0,"key":"T8YSGyWzJA1TCFA7gAF9XvP5lAhf1lDgw7GMhOD2604="},"chainType":2,"messageKeys":{}},"BXYqria0VwH8jQv4FqqpFttHFVQf9CgUpPfO3LLBud8B":{"chainKey":{"counter":-1,"key":"lTbDLDsdi5ctBwY1tljd84O2Cu6x566/gzYYCxBWMUA="},"chainType":1,"messageKeys":{}}}}},"version":"v1"}