{"_sessions":{"Bf7dE/wjyaocwPPr7TQp+4ilvIH0OesLuZPQTJkmEAxu":{"registrationId":2130451208,"currentRatchet":{"ephemeralKeyPair":{"pubKey":"BdRpo1OkJ0S4qbd4FBKExEUmiJaMYwJ+yLziBK3RODsv","privKey":"6JLJ4sfO/XuPslHYcbKWuZKiucCwSoTvuLTJ0otkNWA="},"lastRemoteEphemeralKey":"BaaMMkREvzpHMMMkj8+76Sru5B0OytZrLkEkJHvTZJUV","previousCounter":0,"rootKey":"YIJrgQL+9euLnr8pkhX5ohqMSrYmpXL2CWP23ZylpjY="},"indexInfo":{"baseKey":"Bf7dE/wjyaocwPPr7TQp+4ilvIH0OesLuZPQTJkmEAxu","baseKeyType":2,"closed":-1,"used":1751537245318,"created":1751537245318,"remoteIdentityKey":"BcMEUu9tLmEbaVDGOSa+sMPbC4quNMY1uSTaVIYGH38D"},"_chains":{"BaaMMkREvzpHMMMkj8+76Sru5B0OytZrLkEkJHvTZJUV":{"chainKey":{"counter":1,"key":"SSERiK9lfmgDqAzlW/kx75+qImT4+3F66SwUBpTo/A0="},"chainType":2,"messageKeys":{}},"BdRpo1OkJ0S4qbd4FBKExEUmiJaMYwJ+yLziBK3RODsv":{"chainKey":{"counter":-1,"key":"3kkBOlxme8Lf20tf8cpY3NgcVoasOsoE1d/FSG4Yrfk="},"chainType":1,"messageKeys":{}}}}},"version":"v1"}