{"_sessions":{"BSQnR5HZow1g9Wt27kiCFecnArlWJnNI6N/WXkxcZkZ4":{"registrationId":1757464606,"currentRatchet":{"ephemeralKeyPair":{"pubKey":"BRDmOxcpR4qiJNBWcQYyk641yaDAkSgxi6WdcmLj7d4f","privKey":"qIUH6hHIl9H1JlZBskBFIdKsGUtEMggIrVKkK827Jn4="},"lastRemoteEphemeralKey":"BZQ48OayQi++VkUzXWwy8jGGgXtbUiDeBuloUY07ecZr","previousCounter":0,"rootKey":"KxJqYiPUN1zUk7YXoeHePt0CnvLIt5uVViGDhIen0a0="},"indexInfo":{"baseKey":"BSQnR5HZow1g9Wt27kiCFecnArlWJnNI6N/WXkxcZkZ4","baseKeyType":2,"closed":-1,"used":1751536430970,"created":1751536430970,"remoteIdentityKey":"BbtTT+m9BfgqRZxlaK9rTh/dc0l+E1Xf8ymdNxtdXth4"},"_chains":{"BZQ48OayQi++VkUzXWwy8jGGgXtbUiDeBuloUY07ecZr":{"chainKey":{"counter":0,"key":"iEQ/3zvFr22AKcCQ7lOj4YZOlAhx8yH1ZU9zA3NiZpg="},"chainType":2,"messageKeys":{}},"BRDmOxcpR4qiJNBWcQYyk641yaDAkSgxi6WdcmLj7d4f":{"chainKey":{"counter":-1,"key":"7DQvKF25OPYlLMQPEOiwkHpcy5zYXLGTx42kEzMPRtQ="},"chainType":1,"messageKeys":{}}}}},"version":"v1"}