{"_sessions":{"BbadR2i1YOwHqJgN8VCzQaR92tvGdUhEjeeqCHnMonwu":{"registrationId":146,"currentRatchet":{"ephemeralKeyPair":{"pubKey":"BUdJQ9qZNJKQ3Eh7wDlmN7pWgnfMRImYlEhvpnxfnThC","privKey":"YN8JrGfwUx/AxcQjnR8t0oAe1qXU9yIzjPdK8+WQQVc="},"lastRemoteEphemeralKey":"BQgpMFIpM6J+9tiGmA3QhrR1yh9lwaNFl9Oooz6+uAMq","previousCounter":0,"rootKey":"GRO8Vsp8Cn1pos9ptxl5f6O8Pu+64oHVOFg/17TgSzg="},"indexInfo":{"baseKey":"BbadR2i1YOwHqJgN8VCzQaR92tvGdUhEjeeqCHnMonwu","baseKeyType":1,"closed":-1,"used":1751533356531,"created":1751533356531,"remoteIdentityKey":"BdYS6LacK4JPtWg9JXuCoHujbge96Qmu4PIrxEBnHxZp"},"_chains":{"BUdJQ9qZNJKQ3Eh7wDlmN7pWgnfMRImYlEhvpnxfnThC":{"chainKey":{"counter":0,"key":"PQcOuHnl1Bq5Qub0WAvG1EGKJAUIpMdHs0zVff00cNo="},"chainType":1,"messageKeys":{}}},"pendingPreKey":{"signedKeyId":1,"baseKey":"BbadR2i1YOwHqJgN8VCzQaR92tvGdUhEjeeqCHnMonwu","preKeyId":22}}},"version":"v1"}