{"_sessions":{"Bf2YmCbUjeTSfN3sCSCaiiImOme/dWUnb2a3tuhTYwhH":{"registrationId":959186101,"currentRatchet":{"ephemeralKeyPair":{"pubKey":"BdykogOf3kLJrCmPhJ1s/9iG1j5Lccq8/WRT6qPh2ml9","privKey":"0HLrxTvHOvL+AzCLpcoQu4K67hDtBHSN0ZI0W7nlllY="},"lastRemoteEphemeralKey":"Ba6Avnp+9lj7JGdJyL6ZO6tQByIwhGlG2qaRprPg7I4R","previousCounter":0,"rootKey":"rXKnIkYzPhyYOx0VL0Gkd/JlhfkhI29ErbE4buCkWuk="},"indexInfo":{"baseKey":"Bf2YmCbUjeTSfN3sCSCaiiImOme/dWUnb2a3tuhTYwhH","baseKeyType":2,"closed":-1,"used":1751540609063,"created":1751533341931,"remoteIdentityKey":"BT7O9FarHmVDAH6crpAA9FeDRaDgmZD8yN7l1OPIL9pt"},"_chains":{"BXJ+141qcPtKKTYCpXXbMFnl6Rhm3hJEdRx44u84aBBe":{"chainKey":{"counter":0},"chainType":2,"messageKeys":{}},"Ba6Avnp+9lj7JGdJyL6ZO6tQByIwhGlG2qaRprPg7I4R":{"chainKey":{"counter":0,"key":"2sxcvEMQBoxTyCJ4Slsgd6ZU46773V3qOnZa35nCNVo="},"chainType":2,"messageKeys":{}},"BdykogOf3kLJrCmPhJ1s/9iG1j5Lccq8/WRT6qPh2ml9":{"chainKey":{"counter":-1,"key":"A3SiSosO5APul5D3jf148aOMvqy0xp5RovmQc2IQYnM="},"chainType":1,"messageKeys":{}}}}},"version":"v1"}