{"_sessions":{"BT6H+ruAHOpRZRu2ArrqE5iIaRcbBkdUO5LAeluW8wNI":{"registrationId":2031660826,"currentRatchet":{"ephemeralKeyPair":{"pubKey":"BXoGTdjrPVQB2VXPV7jyHNNsBPFJI7wy6wDbW2rHBZI3","privKey":"2B3lsRlritAFq2zCAUqA7c3M8h1Z9jt/NMvBp4dCqV4="},"lastRemoteEphemeralKey":"BboN0p6OlNiK2Jf8jqNpJC5QYJfHEizwbUmxxCkk0s1+","previousCounter":0,"rootKey":"17T2rdhvTHok190hjFjFLES0G3jLzyqIY37VW5P3WIk="},"indexInfo":{"baseKey":"BT6H+ruAHOpRZRu2ArrqE5iIaRcbBkdUO5LAeluW8wNI","baseKeyType":2,"closed":-1,"used":1751541843488,"created":1751533314363,"remoteIdentityKey":"Bd10aVkTDCoATjftF6fU0hdooRDkLl59D8aEh9RPk1oe"},"_chains":{"BSoUiM0dRKDWhoAe6zhQgAuhWUoYN8AXuure/+UtRDgI":{"chainKey":{"counter":8},"chainType":2,"messageKeys":{}},"BboN0p6OlNiK2Jf8jqNpJC5QYJfHEizwbUmxxCkk0s1+":{"chainKey":{"counter":0,"key":"OTObIkdD6CGnszchOfgBM4reg9zugReiBKk0pUDUjQA="},"chainType":2,"messageKeys":{}},"BXoGTdjrPVQB2VXPV7jyHNNsBPFJI7wy6wDbW2rHBZI3":{"chainKey":{"counter":-1,"key":"5dwmjKujfoU4j9DQYLQXJZnnPtRm9IyJOLBA0q8NJaA="},"chainType":1,"messageKeys":{}}}}},"version":"v1"}