{"_sessions":{"BQ7CjwEcO3g8quoc0CC4hWXnvkZOpo9aotOr/5Dz02NW":{"registrationId":1917669588,"currentRatchet":{"ephemeralKeyPair":{"pubKey":"BWo8calz0hym2OgEtViVUfi0yRDbXEh+CLtZ3BTNSA5h","privKey":"iA7McEm94nQBv0LvooeMV6CiUrBPcNRRkmdy/cmWx3M="},"lastRemoteEphemeralKey":"BRf+zcCZW7H/sW22hIrR0IeJmJxQ7W5DjEuuozTTs/k9","previousCounter":0,"rootKey":"H20tIJCRcZnjSLiLEjo0tSGToKwvDztNxrEqvDCsG1A="},"indexInfo":{"baseKey":"BQ7CjwEcO3g8quoc0CC4hWXnvkZOpo9aotOr/5Dz02NW","baseKeyType":2,"closed":-1,"used":1751539176560,"created":1751539176560,"remoteIdentityKey":"BaA0Hnqkf2Vmzr7rkkOX5IUMYJG4ukpENjZFVvvblCEW"},"_chains":{"BRf+zcCZW7H/sW22hIrR0IeJmJxQ7W5DjEuuozTTs/k9":{"chainKey":{"counter":0,"key":"HotYvq+CRuYmKXDPWSAyfgAix3BEnFCyJ8UaHfAkKgg="},"chainType":2,"messageKeys":{}},"BWo8calz0hym2OgEtViVUfi0yRDbXEh+CLtZ3BTNSA5h":{"chainKey":{"counter":-1,"key":"sBTYuVnnYrZcNvNo4c3ZnhDPoKqZR2VHWvpfvKipXco="},"chainType":1,"messageKeys":{}}}}},"version":"v1"}