{"_sessions":{"BQPR3Y0SwZUODsL80jPKPKkjr83PUOi8z00J+aser5BR":{"registrationId":2089771767,"currentRatchet":{"ephemeralKeyPair":{"pubKey":"BaYGIRTwxJSrawGyHHjXkdY92Yx5nB/+n5jHhQBRKhgf","privKey":"2F7GYJOIee6GP2XNEf9bFqWlA32aMdUWFBEC24m2JF0="},"lastRemoteEphemeralKey":"BUi8MZCmRvtBj4cFiCpPvgsXJYnadIHUw10ibs5N5f1l","previousCounter":0,"rootKey":"Sokht/Wum28oN+5Z6ZS5LgSKyQYSQeQNV1JRvujJYnI="},"indexInfo":{"baseKey":"BQPR3Y0SwZUODsL80jPKPKkjr83PUOi8z00J+aser5BR","baseKeyType":2,"closed":-1,"used":1751538657066,"created":1751538657066,"remoteIdentityKey":"BX/6gX5u5LBuENOYDZD8ksRg2jokJ5JU4h2Iu1Z3O+Ic"},"_chains":{"BUi8MZCmRvtBj4cFiCpPvgsXJYnadIHUw10ibs5N5f1l":{"chainKey":{"counter":0,"key":"swEjBigRy5nAIH/PNjJVioEih+Ufa9Z29QBzXBGivgM="},"chainType":2,"messageKeys":{}},"BaYGIRTwxJSrawGyHHjXkdY92Yx5nB/+n5jHhQBRKhgf":{"chainKey":{"counter":-1,"key":"XBxFWXJ84rn2tmZkys1klIVemHZvqLHG0dHuVVqcs0g="},"chainType":1,"messageKeys":{}}}}},"version":"v1"}