{"_sessions":{"BfO9RIZRgdHLHtP73hOxrkgMJAp4nKReon9h8bGboQt6":{"registrationId":1404949057,"currentRatchet":{"ephemeralKeyPair":{"pubKey":"BQiEJEOn4yF3XydJ3TegFXVL+Gd/52f/pquxBEkdH7ot","privKey":"0CO36OmDBRYl5NcUE7sjHdl7+8wZGf1d7N9TyIc4OXU="},"lastRemoteEphemeralKey":"BR5EuZpaV1vK9anVs5/sdIcIdIu/EwtYAIlp6sVN64tQ","previousCounter":0,"rootKey":"ts9cGCpW4NSMklDrdAK5iw+Ps0b4KfHd2evn3vdcv08="},"indexInfo":{"baseKey":"BfO9RIZRgdHLHtP73hOxrkgMJAp4nKReon9h8bGboQt6","baseKeyType":2,"closed":-1,"used":1751537245553,"created":1751537245553,"remoteIdentityKey":"BQA2nPlOIlRgnWPigDtnyGfoJv05MdCDJfDDGVm/lSZo"},"_chains":{"BR5EuZpaV1vK9anVs5/sdIcIdIu/EwtYAIlp6sVN64tQ":{"chainKey":{"counter":0,"key":"74fgLWq8UTVE7jop+n0Cz16FiG4eMGSjNRq+zOapXxQ="},"chainType":2,"messageKeys":{}},"BQiEJEOn4yF3XydJ3TegFXVL+Gd/52f/pquxBEkdH7ot":{"chainKey":{"counter":-1,"key":"S2FFCb/lKGxvA+Herzgg/1pcQVluOVqoynespG3pVxc="},"chainType":1,"messageKeys":{}}}}},"version":"v1"}