{"_sessions":{"BVXO5t6zrdSMZItqjoCQEM3tz0kx2QemosUsCbEWc38Y":{"registrationId":834055197,"currentRatchet":{"ephemeralKeyPair":{"pubKey":"BbqCkpxSeSNX+/AIjQConhDaaQx1ri9xZ5xdq/Z1fXUF","privKey":"ABuehXz52ZXVviIjklQTVWoObAImEg0Pqml5EBgcHm4="},"lastRemoteEphemeralKey":"BZqLDF/sLt3VcosyFMpy/iDCVKqSTfOV+EjzEcyvgxlj","previousCounter":0,"rootKey":"43u57KcM/jenpUdcBFhK3mdgBRtIJkYrz6honzwljQI="},"indexInfo":{"baseKey":"BVXO5t6zrdSMZItqjoCQEM3tz0kx2QemosUsCbEWc38Y","baseKeyType":2,"closed":-1,"used":1751543112006,"created":1751543112006,"remoteIdentityKey":"BbIMGmoixyTLQeAhUEkNe+5w9pzxW7Be3/BGnUb372ZN"},"_chains":{"BZqLDF/sLt3VcosyFMpy/iDCVKqSTfOV+EjzEcyvgxlj":{"chainKey":{"counter":0,"key":"wgdja6tQHYabQkxiwmsHUXQwvuWfcMreS27h4uNPdDY="},"chainType":2,"messageKeys":{}},"BbqCkpxSeSNX+/AIjQConhDaaQx1ri9xZ5xdq/Z1fXUF":{"chainKey":{"counter":-1,"key":"FRwNDwqELR4kiIr5EpHTeUn/EH+L2G2aoaHjLC0+4l8="},"chainType":1,"messageKeys":{}}}}},"version":"v1"}