{"_sessions":{"BbU+iC2O46DjtQ1HtRFBbhjSk7ew7qfozN/M8lhq8HoA":{"registrationId":191371708,"currentRatchet":{"ephemeralKeyPair":{"pubKey":"BTs2x13/Nwjaz7wnk9rD2Eak1nwv1oNTujeMkqra3kJ5","privKey":"EENHGSTpel8W2mX455B5MoLfDCtaYT5AHlWceKLJbGU="},"lastRemoteEphemeralKey":"BT6LAT848IQ500tMmTxnGEpgmRY8/mw9W/PQvNdVeQFC","previousCounter":0,"rootKey":"v7R6SRIDtKrHL/kqD8OaHJdK7UoZ8yrAzmwgNAs2bc8="},"indexInfo":{"baseKey":"BbU+iC2O46DjtQ1HtRFBbhjSk7ew7qfozN/M8lhq8HoA","baseKeyType":2,"closed":-1,"used":1751541691757,"created":1751541691757,"remoteIdentityKey":"Bde3nmgOu8oS95H7xHI0PnIgtcBadhXHi3L8exNMzWsR"},"_chains":{"BT6LAT848IQ500tMmTxnGEpgmRY8/mw9W/PQvNdVeQFC":{"chainKey":{"counter":0,"key":"pzD8Mwqj+sSDLp86Tjp11exhZEbCXHgB4R75lBwxOE8="},"chainType":2,"messageKeys":{}},"BTs2x13/Nwjaz7wnk9rD2Eak1nwv1oNTujeMkqra3kJ5":{"chainKey":{"counter":-1,"key":"ppmOX2sjU55uvlIcvw1IyHXRV0JO9ghyXWzg4e6DAMk="},"chainType":1,"messageKeys":{}}}}},"version":"v1"}